,DEP.Genotype,Restoration.name,Genotype.name,Other.names,OFAV.Old.Name,Putative.Genotype.ID,Genotype.x,Geno.std.x,Individual.ID,Genotype.y,Geno.std,Tank,Treatment,Donor.Initial,Donor.change,Donor.Frag,change.date,Result,Daysdiseased,Daystodisease,Experiment
1,WGS-124,OF2,1-OF-2,OF 2,F1A,1OF2,1-OF-2,1OF2,Exp1_D1_1-OF-2,1-OF-2,1OF2,1,Disease,E,NA,E,,Removed,3,2,Experiment 1
2,WGS-124,OF2,1-OF-2,OF 2,F1A,1OF2,1-OF-2,1OF2,Exp2_D33_1 OF 2,1 OF 2,1OF2,33,Disease,E,NA,E,,Removed,2,1,Experiment 2
3,WGS-98,OF677,OF677,"15-26,S26",15-26,OF677,OF677,OF677,Exp1_D1_OF677,OF677,OF677,1,Disease,E,NA,E,,Removed,2,3,Experiment 1
4,WGS-154,OF23,OF23,F23,F23,OF23,OF23,OF23,Exp1_D2_OF23,OF23,OF23,2,Disease,D,NA,D,,Removed,1,7,Experiment 1
5,WGS-154,OF23,OF23,F23,F23,OF23,OF23,OF23,Exp2_D8_OF 23,OF 23,OF23,8,Disease,J,NA,J,,Removed,6,1,Experiment 2
6,WGS-154,OF23,OF23,F23,F23,OF23,OF23,OF23,Exp3_D20_OF23,OF23,OF23,20,Disease,M,NA,M,,Removed,1,5,Experiment 3
7,WGS-156,OF733,OF733,"15-264,S264",15-264,OF733,OF733,OF733,Exp1_D2_OF733,OF733,OF733,2,Disease,D,NA,D,,Removed,1,8,Experiment 1
8,WGS-150,OF211,OF211,"15-211,S211",15-211,OF211,OF211,OF211,Exp1_D3_OF211,OF211,OF211,3,Disease,G,NA,G,,Removed,1,11,Experiment 1
9,WGS-37,OF680,OF680,"15-120, S120",15-120,OF680,OF680,OF680,Exp1_D3_OF680,OF680,OF680,3,Disease,G,NA,G,,Removed,2,8,Experiment 1
10,WGS-37,OF680,OF680,"15-120, S120",15-120,OF680,OF680,OF680,Exp2_D24_OF 680,OF 680,OF680,24,Disease,L,NA,L,,Removed,1,5,Experiment 2
11,WGS-37,OF680,OF680,"15-120, S120",15-120,OF680,OF680,OF680,Exp3_D46_OF680,OF680,OF680,46,Disease,M,NA,M,,Removed,10,2,Experiment 3
12,WGS-99,OF373,OF373,OF373,S373,OF373,OF373,OF373,Exp1_D4_OF373,OF373,OF373,4,Disease,E,NA,E,,Removed,2,3,Experiment 1
13,WGS-103,OF696,OF696,OF696,15-425,OF696,OF696,OF696,Exp1_D4_OF696,OF696,OF696,4,Disease,E,NA,E,,Removed,3,3,Experiment 1
14,WGS-52,OF687,OF687,OF687,15-102,OF687,OF687,OF687,Exp1_D5_OF687,OF687,OF687,5,Disease,D,NA,D,,Removed,1,8,Experiment 1
15,WGS-169,OF227,S227,"OF227,15-227","S227,15-227",S227,S227,S227,Exp1_D5_S227,S227,S227,5,Disease,D,NA,D,,Removed,2,4,Experiment 1
16,WGS-54,OF4,1-OF-4,"F4A,F4B","F4A,F4B",1OF4,1-OF-4,1OF4,Exp1_D6_1-OF-4,1-OF-4,1OF4,6,Disease,I,NA,I,,Healthy,NA,NA,Experiment 1
17,WGS-159,OF630,S630,"OF630, 15-630",S630,S630,S630,S630,Exp1_D6_S630,S630,S630,6,Disease,I,NA,I,,Healthy,NA,NA,Experiment 1
18,OF331,OF331,S331,OF331,S331,S331,OF331,S331,Exp1_D7_OF331,OF331,S331,7,Disease,E,NA,E,,Removed,1,8,Experiment 1
19,OF331,OF331,S331,OF331,S331,S331,OF331,S331,Exp2_D10_S 331,S 331,S331,10,Disease,K,NA,K,,Removed,2,6,Experiment 2
20,OF331,OF331,S331,OF331,S331,S331,OF331,S331,Exp2_D43_S 331,S331,S331,43,Disease,D,NA,D,,Removed,1,7,Experiment 2
21,OF331,OF331,S331,OF331,S331,S331,OF331,S331,Exp3_D9_OF331,OF331,S331,9,Disease,M,NA,M,,Removed,1,1,Experiment 3
22,WGS-152,OF61,OF61,F61,F61,OF61,OF61,OF61,Exp1_D7_OF61,OF61,OF61,7,Disease,E,NA,E,,Removed,2,3,Experiment 1
23,WGS-152,OF61,OF61,F61,F61,OF61,OF61,OF61,Exp2_D50_OF 61,OF 61,OF61,50,Disease,J,NA,J,,Removed,9,1,Experiment 2
24,WGS-152,OF61,OF61,F61,F61,OF61,OF61,OF61,Exp3_D10_OF61,OF61,OF61,10,Disease,J,E,E,Day3,Removed,1,3,Experiment 3
25,WGS-24,OF350,15-350,"OF350,S350",15-350,15350,15-350,15350,Exp1_D10_15-350,15-350,15350,10,Disease,H,F,F,Day4,Removed,1,10,Experiment 1
26,WGS-24,OF350,15-350,"OF350,S350",15-350,15350,15-350,15350,Exp2_D36_15 350,15 350,15350,36,Disease,J,NA,J,,Removed,4,3,Experiment 2
27,WGS-15,OF509,S509,"OF509, S509","S509,15-509",S509,S509,S509,Exp1_D10_S509,S509,S509,10,Disease,H,F,F,Day4,Removed,1,13,Experiment 1
28,WGS-15,OF509,S509,"OF509, S509","S509,15-509",S509,S509,S509,Exp2_D29_S 509,S 509,S509,29,Disease,L,NA,L,,Removed,2,6,Experiment 2
29,WGS-102,OF679,OF679,OF679,15-76,OF679,OF679,OF679,Exp1_D11_OF679,OF679,OF679,11,Disease,H,F,F,Day4,Removed,1,5,Experiment 1
30,OF685,OF685,OF685,"15-229,S229",15-229,OF685,OF685,OF685,Exp1_D11_OF685,OF685,OF685,11,Disease,H,F,F,Day4,Removed,1,5,Experiment 1
31,WGS-21,OF232,OF232,"S771,15-232",S771,OF232,OF232,OF232,Exp1_D12_OF232,OF232,OF232,12,Disease,D,NA,D,,Healthy,NA,NA,Experiment 1
32,WGS-58,OF3,OF3,F3A,F3A,OF3,OF3,OF3,Exp1_D12_OF3,OF3,OF3,12,Disease,D,NA,D,,Healthy,NA,NA,Experiment 1
33,WGS-58,OF3,OF3,F3A,F3A,OF3,OF3,OF3,Exp2_D19_OF 3,OF 3,OF3,19,Disease,K,NA,K,,Removed,1,4,Experiment 2
34,WGS-58,OF3,OF3,F3A,F3A,OF3,OF3,OF3,Exp3_D37_OF3,OF3,OF3,37,Disease,M,NA,M,,Removed,1,8,Experiment 3
35,WGS-72,OF608,OF608,"S608,15-608",S608,OF608,OF608,OF608,Exp1_D13_OF608,OF608,OF608,13,Disease,D,NA,D,,Removed,4,2,Experiment 1
36,OF626,OF626,OF626,"S60,15-60","S60,15-60",OF626,OF626,OF626,Exp1_D13_OF626,OF626,OF626,13,Disease,D,NA,D,,Removed,2,2,Experiment 1
37,WGS-48,OF263,OF263,"15-263, S263",15-263,OF263,OF263,OF263,Exp1_D14_OF263,OF263,OF263,14,Disease,E,NA,E,,Removed,2,9,Experiment 1
38,WGS-171,OF755,OF755,"15-292,S292",15-292,OF755,OF755,OF755,Exp1_D14_OF755,OF755,OF755,14,Disease,E,NA,E,,Removed,3,2,Experiment 1
39,WGS-34,OF32,OF32,OF32,F32,OF32,OF32,OF32,Exp1_D16_OF32,OF32,OF32,16,Disease,E,NA,E,,Removed,3,2,Experiment 1
40,WGS-34,OF32,OF32,OF32,F32,OF32,OF32,OF32,Exp2_D13_OF 32,OF 32,OF32,13,Disease,D,NA,D,,Removed,1,4,Experiment 2
41,WGS-147,OF559,OF559,"15-89, S89",15-89,OF559,OF559,OF559,Exp1_D16_OF559,OF559,OF559,16,Disease,E,NA,E,,Removed,4,3,Experiment 1
42,WGS-97,OF304,15-155,"OF304, S155",15-155,15155,15-155,15155,Exp1_D17_15-155,15-155,15155,17,Disease,G,NA,G,,Removed,2,3,Experiment 1
43,WGS-23,OF22,OF22,F22,F22,OF22,OF22,OF22,Exp1_D17_OF22,OF22,OF22,17,Disease,G,NA,G,,Healthy,NA,NA,Experiment 1
44,WGS-49,OF416,OF416,"15-416,S416","15-416,F416",OF416,OF416,OF416,Exp1_D18_OF416,OF416,OF416,18,Disease,D,NA,D,,Healthy,NA,NA,Experiment 1
45,WGS-49,OF416,OF416,"15-416,S416","15-416,F416",OF416,OF416,OF416,Exp2_D26_OF 416,OF 416,OF416,26,Disease,L,NA,L,,Removed,2,6,Experiment 2
46,WGS-104,OF628,OF628,"S437,15-437","S437,15-437",OF628,OF628,OF628,Exp1_D18_OF628,OF628,OF628,18,Disease,D,NA,D,,Removed,1,3,Experiment 1
47,WGS-33,OF569,OF569,"15-11,S11",15-11,OF569,OF569,OF569,Exp1_D19_OF569,OF569,OF569,19,Disease,G,NA,G,,Healthy,NA,NA,Experiment 1
48,WGS-17,OF758,OF758,"15-338,S338",15-338,OF758,OF758,OF758,Exp1_D19_OF758,OF758,OF758,19,Disease,G,NA,G,,Healthy,NA,NA,Experiment 1
49,WGS-53,OF2,OF2,OF 2,F1A,OF2,OF2,OF2,Exp1_D21_OF2,OF2,OF2,21,Disease,D,NA,D,,Healthy,NA,NA,Experiment 1
50,WGS-155,OF8,OF8,F8,F8,OF8,OF8,OF8,Exp1_D21_OF8,OF8,OF8,21,Disease,D,NA,D,,Removed,2,3,Experiment 1
51,WGS-155,OF8,OF8,F8,F8,OF8,OF8,OF8,Exp3_D49_OF8,OF8,OF8,49,Disease,M,NA,M,,Removed,6,2,Experiment 3
52,WGS-56,OF354,OF354,"15-17, S17",15-17,OF354,OF354,OF354,Exp1_D22_OF354,OF354,OF354,22,Disease,D,NA,D,,Healthy,NA,NA,Experiment 1
53,WGS-56,OF354,OF354,"15-17, S17",15-17,OF354,OF354,OF354,Exp3_D39_OF354,OF354,OF354,39,Disease,K,NA,K,,Removed,2,1,Experiment 3
54,WGS-28,NA,NA,NA,NA,OF793,OF793,OF793,Exp1_D22_OF793,OF793,OF793,22,Disease,D,NA,D,,Removed,2,8,Experiment 1
55,WGS-100,OF259,15-111,OF259,15-111,15111,15-111,15111,Exp1_D23_15-111,15-111,15111,23,Disease,E,NA,E,,Removed,1,4,Experiment 1
56,WGS-100,OF259,15-111,OF259,15-111,15111,15-111,15111,Exp2_D31_15 111,15 111,15111,31,Disease,J,NA,J,,Removed,2,2,Experiment 2
57,WGS-100,OF259,15-111,OF259,15-111,15111,15-111,15111,Exp3_D14_15-111,15-111,15111,14,Disease,J,NA,J,,Removed,1,3,Experiment 3
58,WGS-101,OF602,OF602,"15-602, S602",15-602,OF602,OF602,OF602,Exp1_D23_OF602,OF602,OF602,23,Disease,E,NA,E,,Removed,1,5,Experiment 1
59,WGS-101,OF602,OF602,"15-602, S602",15-602,OF602,OF602,OF602,Exp2_D19_OF 602,OF 602,OF602,19,Disease,K,NA,K,,Removed,1,5,Experiment 2
60,WGS-154,OF656,OF656,OF656,BP4,OF656,OF656,OF656,Exp1_D24_OF656,OF656,OF656,24,Disease,G,NA,G,,Removed,1,11,Experiment 1
61,WGS-154,OF656,OF656,OF656,BP4,OF656,OF656,OF656,Exp2_D7_OF 656,OF 656,OF656,7,Disease,J,NA,J,,Removed,7,3,Experiment 2
62,WGS-154,OF656,OF656,OF656,BP4,OF656,OF656,OF656,Exp3_D44_OF656,OF656,OF656,44,Disease,N,NA,N,,Removed,1,1,Experiment 3
63,WGS-10,OF75,OF75,F75,F75,OF75,OF75,OF75,Exp1_D24_OF75,OF75,OF75,24,Disease,G,NA,G,,Removed,1,13,Experiment 1
64,WGS-10,OF75,OF75,F75,F75,OF75,OF75,OF75,Exp2_D28_OF 75,OF 75,OF75,28,Disease,J,NA,J,,Removed,1,4,Experiment 2
65,WGS-10,OF75,OF75,F75,F75,OF75,OF75,OF75,Exp3_D34_OF75,OF75,OF75,34,Disease,N,NA,N,,Removed,2,1,Experiment 3
66,WGS-148,OF251,15-10,OF251,15-10,1510,15-10,1510,Exp1_D26_15-10,15-10,1510,26,Disease,I,NA,I,,Removed,1,6,Experiment 1
67,WGS-60,OF335,S335,"OF335,15-335","S335,15-335",S335,S335,S335,Exp1_D26_S335,S335,S335,26,Disease,I,NA,I,,Removed,1,7,Experiment 1
68,WGS-31,OF431,OF431,15-431,15-431,15431,15-431,15431,Exp1_D27_15-431,15-431,15431,27,Disease,H,F,F,Day4,Removed,4,6,Experiment 1
69,WGS-31,OF431,OF431,15-431,15-431,15431,15-431,15431,Exp2_D21_15 431,15 431,15431,21,Disease,K,NA,K,,Removed,1,4,Experiment 2
70,WGS-31,OF431,OF431,15-431,15-431,15431,15-431,15431,Exp4_D25_15-431,15-431,15431,25,Diseased,P,NA,P,,Removed,2,3,Experiment 4
71,WGS-20,OF523,OF523,15-71,15-71,1571,15-71,1571,Exp1_D27_15-71,15-71,1571,27,Disease,H,F,F,Day4,Removed,1,10,Experiment 1
72,WGS-96,OF453,OF453,"15-45, S45",15-45,OF453,OF453,OF453,Exp1_D28_OF453,OF453,OF453,28,Disease,E,NA,E,,Removed,2,3,Experiment 1
73,WGS-151,OF58,OF58,,,OF58,OF58,OF58,Exp1_D28_OF58,OF58,OF58,28,Disease,E,NA,E,,Removed,4,1,Experiment 1
74,WGS-19,OF748,S31,"OF748,15-31",S31,S31,S31,S31,Exp1_D29_S31,S31,S31,29,Disease,D,NA,D,,Healthy,NA,NA,Experiment 1
75,WGS-114,OF575,S575,OF575,S575,S575,S575,S575,Exp1_D29_S575,S575,S575,29,Disease,D,NA,D,,Removed,4,1,Experiment 1
76,WGS-114,OF575,S575,OF575,S575,S575,S575,S575,Exp2_D27_S 575,S 575,S575,27,Disease,J,NA,J,,Removed,1,5,Experiment 2
77,WGS-114,OF575,S575,OF575,S575,S575,S575,S575,Exp3_D27_OF575,OF575,S575,27,Disease,M,NA,M,,Healthy,NA,NA,Experiment 3
78,WGS-29,OF642,15-358,OF642,S385,15358,15-358,15358,Exp1_D30_15-358,15-358,15358,30,Disease,H,F,F,Day4,Removed,1,6,Experiment 1
79,WGS-29,OF642,15-358,OF642,S385,15358,15-358,15358,Exp2_D35_15 358,15 358,15358,35,Disease,J,NA,J,,Removed,1,4,Experiment 2
80,WGS-29,OF642,15-358,OF642,S385,15358,15-358,15358,Exp3_D25_15-358,15-358,15358,25,Disease,L,NA,L,,Removed,1,6,Experiment 3
81,WGS-142,OF393,OF393,OF393,S393,OF393,OF393,OF393,Exp1_D30_OF393,OF393,OF393,30,Disease,H,F,F,Day4,Removed,2,8,Experiment 1
82,WGS-142,OF393,OF393,OF393,S393,OF393,OF393,OF393,Exp1_D44_OF393,OF393,OF393,44,Disease,E,NA,E,,Healthy,NA,NA,Experiment 1
83,WGS-142,OF393,OF393,OF393,S393,OF393,OF393,OF393,Exp2_D25_OF 393,OF 393,OF393,25,Disease,L,NA,L,,Healthy,NA,NA,Experiment 2
84,WGS-30,OF592,OF592,"15-592,S592",15-592,OF592,OF592,OF592,Exp1_D32_OF592,OF592,OF592,32,Disease,D,NA,D,,Healthy,NA,NA,Experiment 1
85,WGS-30,OF592,OF592,"15-592,S592",15-592,OF592,OF592,OF592,Exp2_D30_OF 592,OF 592,OF592,30,Disease,D,NA,D,,Removed,3,5,Experiment 2
86,WGS-46,OF700,OF700,OF700,15-93,OF700,OF700,OF700,Exp1_D32_OF700,OF700,OF700,32,Disease,D,NA,D,,Removed,1,7,Experiment 1
87,WGS-46,OF700,OF700,OF700,15-93,OF700,OF700,OF700,Exp2_D11_OF 700,OF 700,OF700,11,Disease,K,NA,K,,Removed,3,1,Experiment 2
88,WGS-154,OF125,OF125,F125,F125,OF125,OF125,OF125,Exp1_D33_OF125,OF125,OF125,33,Disease,D,NA,D,,Removed,2,8,Experiment 1
89,WGS-154,OF125,OF125,F125,F125,OF125,OF125,OF125,Exp2_D30_OF 125,OF 125,OF125,30,Disease,D,NA,D,,Removed,1,4,Experiment 2
90,WGS-154,OF125,OF125,F125,F125,OF125,OF125,OF125,Exp3_D47_OF125,OF125,OF125,47,Disease,J,NA,J,,Removed,1,2,Experiment 3
91,WGS-25,OF701,OF701,"15-31,S31",15-31,OF701,OF701,OF701,Exp1_D33_OF701,OF701,OF701,33,Disease,D,NA,D,,Removed,1,7,Experiment 1
92,WGS-149,OF202,OF202,"S652, 15-652",S652,OF202,OF202,OF202,Exp1_D34_OF202,OF202,OF202,34,Disease,H,F,F,Day4,Healthy,NA,NA,Experiment 1
93,WGS-32,OF566,OF566,"15-566,S566",15-566,OF566,OF566,OF566,Exp1_D34_OF566,OF566,OF566,34,Disease,H,F,F,Day4,Healthy,NA,NA,Experiment 1
94,WGS-32,OF566,OF566,"15-566,S566",15-566,OF566,OF566,OF566,Exp2_D35_OF 566,OF 566,OF566,35,Disease,J,NA,J,,Removed,1,7,Experiment 2
95,WGS-59,OF7,F7,F5B,F5B,F7,F7,F7,Exp1_D35_F7,F7,F7,35,Disease,I,NA,I,,Removed,2,9,Experiment 1
96,S564,OF564,S564,"OF564,15-564","S564,15-564",S564,S564,S564,Exp1_D35_S564,S564,S564,35,Disease,I,NA,I,,Removed,4,1,Experiment 1
97,WGS-50,OF126,OF126,F126,F126,OF126,OF126,OF126,Exp1_D36_OF126,OF126,OF126,36,Disease,D,NA,D,,Healthy,NA,NA,Experiment 1
98,WGS-26,OF684,OF684,"15-181,S181",15-181,OF684,OF684,OF684,Exp1_D36_OF684,OF684,OF684,36,Disease,D,NA,D,,Healthy,NA,NA,Experiment 1
99,WGS-18,OF1,OF1,F1,F1,OF1,OF1,OF1,Exp1_D37_OF1,OF1,OF1,37,Disease,I,NA,I,,Removed,3,2,Experiment 1
100,WGS-18,OF1,OF1,F1,F1,OF1,OF1,OF1,Exp2_D5_OF 1,OF 1,OF1,5,Disease,J,NA,J,,Removed,2,3,Experiment 2
101,WGS-18,OF1,OF1,F1,F1,OF1,OF1,OF1,Exp3_D45_OF1,OF1,OF1,45,Disease,J,NA,J,,Removed,1,7,Experiment 3
102,WGS-154,OF132,OF132,F132,F132,OF132,OF132,OF132,Exp1_D37_OF132,OF132,OF132,37,Disease,I,NA,I,,Removed,2,3,Experiment 1
103,WGS-154,OF132,OF132,F132,F132,OF132,OF132,OF132,Exp2_D31_OF 132,OF 132,OF132,31,Disease,J,NA,J,,Removed,2,3,Experiment 2
104,WGS-154,OF132,OF132,F132,F132,OF132,OF132,OF132,Exp3_D23_OF132,OF132,OF132,23,Disease,K,NA,K,,Healthy,NA,NA,Experiment 3
105,WGS-51,OF649,OF649,M459,M459,OF649,OF649,OF649,Exp1_D38_OF649,OF649,OF649,38,Disease,E,NA,E,,Removed,3,8,Experiment 1
106,WGS-51,OF649,OF649,M459,M459,OF649,OF649,OF649,Exp2_D34_OF 649,OF 649,OF649,34,Disease,D,NA,D,,Removed,2,1,Experiment 2
107,WGS-57,OF76,OF76,F76,F76,OF76,OF76,OF76,Exp1_D38_OF76,OF76,OF76,38,Disease,E,NA,E,,Removed,1,8,Experiment 1
108,OF655,OF655,OF655,BP3,BP3,OF655,OF655,OF655,Exp1_D39_OF655,OF655,OF655,39,Disease,H,F,F,Day4,Removed,1,8,Experiment 1
109,OF655,OF655,OF655,BP3,BP3,OF655,OF655,OF655,Exp2_D36_OF 655,OF 655,OF655,36,Disease,J,NA,J,,Removed,1,4,Experiment 2
110,WGS-122,OF662,OF662,S59,S648,OF662,OF662,OF662,Exp1_D39_OF662,OF662,OF662,39,Disease,H,F,F,Day4,Removed,4,1,Experiment 1
111,WGS-122,OF662,OF662,S59,S648,OF662,OF662,OF662,Exp2_D4_OF 662,OF 662,OF662,4,Disease,L,NA,L,,Removed,1,6,Experiment 2
112,WGS-122,OF662,OF662,S59,S648,OF662,OF662,OF662,Exp3_D2_OF662,OF662,OF662,2,Disease,K,NA,K,,Removed,2,1,Experiment 3
113,WGS-121,OF11,OF11,X11,X11,OF11,OF11,OF11,Exp1_D43_OF11,OF11,OF11,43,Disease,D,NA,D,,Removed,2,2,Experiment 1
114,WGS-121,OF11,OF11,X11,X11,OF11,OF11,OF11,Exp2_D9_OF 11,OF 11,OF11,9,Disease,L,NA,L,,Removed,1,6,Experiment 2
115,WGS-121,OF11,OF11,X11,X11,OF11,OF11,OF11,Exp3_D38_OF11,OF11,OF11,38,Disease,E,NA,E,,Removed,3,1,Experiment 3
116,WGS-145,OF693,OF693,OF693,15-319,OF693,OF693,OF693,Exp1_D43_OF693,OF693,OF693,43,Disease,D,NA,D,,Removed,2,3,Experiment 1
117,WGS-27,OF5,OF5,F5,F5,OF5,OF5,OF5,Exp1_D44_OF5,OF5,OF5,44,Disease,E,NA,E,,Healthy,NA,NA,Experiment 1
118,WGS-27,OF5,OF5,F5,F5,OF5,OF5,OF5,Exp2_D25_OF 5,OF 5,OF5,25,Disease,L,NA,L,,Removed,1,4,Experiment 2
119,WGS-27,OF5,OF5,F5,F5,OF5,OF5,OF5,Exp3_D48_OF5,OF5,OF5,48,Disease,J,NA,J,,Removed,1,10,Experiment 3
120,WGS-153,OF654,OF654,OF654,BP2,OF654,OF654,OF654,Exp1_D45_OF654,OF654,OF654,45,Disease,D,NA,D,,Healthy,NA,NA,Experiment 1
121,WGS-153,OF654,OF654,OF654,BP2,OF654,OF654,OF654,Exp3_D43_OF654,OF654,OF654,43,Disease,D,NA,D,,Removed,1,7,Experiment 3
122,WGS-153,OF654,OF654,OF654,BP2,OF654,OF654,OF654,Exp4_D38_OF654,OF654,OF654,38,Diseased,K,NA,K,,Removed,1,1,Experiment 4
123,WGS-154,OF21,OF21,F21,F21,OF21,OF21,OF21,Exp1_D46_OF21,OF21,OF21,46,Disease,D,NA,D,,Removed,3,1,Experiment 1
124,WGS-154,OF21,OF21,F21,F21,OF21,OF21,OF21,Exp2_D18_OF 21,OF 21,OF21,18,Disease,J,NA,J,,Removed,1,1,Experiment 2
125,WGS-154,OF21,OF21,F21,F21,OF21,OF21,OF21,Exp3_D13_OF21,OF21,OF21,13,Disease,M,NA,M,,Removed,1,7,Experiment 3
126,WGS-143,OF759,OF759,"15-376,S376",15-376,OF759,OF759,OF759,Exp1_D46_OF759,OF759,OF759,46,Disease,D,NA,D,,Removed,1,9,Experiment 1
127,WGS-22,OF434,OF434,"S423, S437, 15-434",S437,OF434,OF434,OF434,Exp1_D48_OF434,OF434,OF434,48,Disease,D,NA,D,,Removed,1,8,Experiment 1
128,WGS-61,OF483,OF483,OF483,S483,OF483,OF483,OF483,Exp1_D48_OF483,OF483,OF483,48,Disease,D,NA,D,,Removed,1,11,Experiment 1
129,WGS-61,OF483,OF483,OF483,S483,OF483,OF483,OF483,Exp2_D37_OF 483,OF 483,OF483,37,Disease,K,NA,K,,Removed,2,2,Experiment 2
130,WGS-146,OF423,OF423,"15-423, S423",15-423,OF423,OF423,OF423,Exp1_D49_OF423,OF423,OF423,49,Disease,E,NA,E,,Removed,1,9,Experiment 1
131,WGS-89,OF554,OF554,"S554,15-554","S554,15-554",OF554,OF554,OF554,Exp1_D49_OF554,OF554,OF554,49,Disease,E,NA,E,,Removed,1,4,Experiment 1
132,WGS-89,OF554,OF554,"S554,15-554","S554,15-554",OF554,OF554,OF554,Exp2_D48_OF 554,OF 554,OF554,48,Disease,J,NA,J,,Removed,1,6,Experiment 2
133,WGS-64,NA,NA,NA,NA,GB27,GB 27,GB27,Exp2_D1_GB 27,GB 27,GB27,1,Disease,E,NA,E,,Healthy,NA,NA,Experiment 2
134,WGS-120,NA,NA,NA,NA,UK25,UK 25,UK25,Exp2_D1_UK 25,UK 25,UK25,1,Disease,E,NA,E,,Removed,1,6,Experiment 2
135,WGS-120,NA,NA,NA,NA,UK25,UK 25,UK25,Exp3_D5_UK25,UK25 (1/2),UK25,5,Disease,K,NA,K,,Removed,1,2,Experiment 3
136,WGS-120,NA,NA,NA,NA,UK25,UK 25,UK25,Exp3_D31_UK25,UK25 (1/2),UK25,31,Disease,N,NA,N,,Removed,2,2,Experiment 3
137,WGS-36,NA,NA,NA,NA,GB29,GB 29,GB29,Exp2_D2_GB 29,GB 29,GB29,2,Disease,D,NA,D,,Removed,1,4,Experiment 2
138,WGS-112,OF503,S503,OF503,S503,S503,S503,S503,Exp2_D2_S 503,S503,S503,2,Disease,D,NA,D,,Removed,1,5,Experiment 2
139,WGS-112,OF503,S503,OF503,S503,S503,S503,S503,Exp3_D6_S503,S503,S503,6,Disease,D,NA,D,,Removed,1,12,Experiment 3
140,WGS-112,OF503,S503,OF503,S503,S503,S503,S503,Exp4_D39_S503,S503,S503,39,Diseased,E,NA,E,,Removed,1,1,Experiment 4
141,WGS-83,NA,NA,NA,NA,AE10,AE 10,AE10,Exp2_D3_AE 10,AE 10,AE10,3,Disease,L,NA,L,,Healthy,NA,NA,Experiment 2
142,WGS-93,NA,NA,NA,NA,GB26,GB 26,GB26,Exp2_D3_GB 26,GB 26,GB26,3,Disease,L,NA,L,,Healthy,NA,NA,Experiment 2
143,WGS-93,NA,NA,NA,NA,GB26,GB 26,GB26,Exp3_D42_GB26,GB26,GB26,42,Disease,N,NA,N,,Healthy,NA,NA,Experiment 3
144,WGS-93,NA,NA,NA,NA,GB26,GB 26,GB26,Exp4_D45_GB26,GB26,GB26,45,Diseased,O,NA,O,,Removed,4,3,Experiment 4
145,WGS-43,NA,NA,NA,NA,GB24,GB 24,GB24,Exp2_D4_GB 24,GB 24,GB24,4,Disease,L,NA,L,,Healthy,NA,NA,Experiment 2
146,WGS-43,NA,NA,NA,NA,GB24,GB 24,GB24,Exp3_D19_GB24,GB24 (1/2),GB24,19,Disease,N,NA,N,,Removed,1,1,Experiment 3
147,WGS-43,NA,NA,NA,NA,GB24,GB 24,GB24,Exp3_D24_GB24,GB24 (1/2),GB24,24,Disease,E,NA,E,,Removed,4,2,Experiment 3
148,WGS-107,NA,NA,NA,NA,GB23,GB 23,GB23,Exp2_D5_GB 23,GB 23,GB23,5,Disease,J,NA,J,,Removed,5,2,Experiment 2
149,WGS-107,NA,NA,NA,NA,GB23,GB 23,GB23,Exp3_D7_GB23,GB23,GB23,7,Disease,L,NA,L,,Removed,2,1,Experiment 3
150,WGS-90,NA,NA,NA,NA,GB21,GB 21,GB21,Exp2_D6_GB 21,GB 21,GB21,6,Disease,K,NA,K,,Removed,2,8,Experiment 2
151,WGS-90,NA,NA,NA,NA,GB21,GB 21,GB21,Exp3_D23_GB21,GB21,GB21,23,Disease,K,NA,K,,Removed,2,6,Experiment 3
152,WGS-90,NA,NA,NA,NA,GB21,GB 21,GB21,Exp4_D35_GB21,GB21,GB21,35,Diseased,L,P,P,Day5,Healthy,NA,NA,Experiment 4
153,WGS-170,OF483,S509,OF483,S483,S483,S 483,S483,Exp2_D6_S 483,S 483,S483,6,Disease,K,NA,K,,Removed,1,6,Experiment 2
154,WGS-170,OF483,S509,OF483,S483,S483,S 483,S483,Exp2_D29_S 483,S 483,S483,29,Disease,L,NA,L,,Removed,1,5,Experiment 2
155,WGS-12,NA,NA,NA,NA,GB19,GB 19,GB19,Exp2_D7_GB 19,GB 19,GB19,7,Disease,J,NA,J,,Removed,2,7,Experiment 2
156,WGS-12,NA,NA,NA,NA,GB19,GB 19,GB19,Exp3_D4_GB19,GB19,GB19,4,Disease,E,NA,E,,Removed,2,2,Experiment 3
157,WGS-12,NA,NA,NA,NA,GB19,GB 19,GB19,Exp4_D47_GB19,GB19,GB19,47,Diseased,M,NA,M,,Removed,1,1,Experiment 4
158,WGS-3,NA,NA,NA,NA,GB17,GB 17,GB17,Exp2_D8_GB 17,GB 17,GB17,8,Disease,J,NA,J,,Healthy,NA,NA,Experiment 2
159,WGS-3,NA,NA,NA,NA,GB17,GB 17,GB17,Exp3_D16_GB17,GB17,GB17,16,Disease,K,NA,K,,Removed,1,1,Experiment 3
160,WGS-3,NA,NA,NA,NA,GB17,GB 17,GB17,Exp4_D33_GB17,GB17,GB17,33,Diseased,M,O,O,Day13,Removed,1,1,Experiment 4
161,WGS-91,NA,NA,NA,NA,GB14,GB 14,GB14,Exp2_D9_GB 14,GB 14,GB14,9,Disease,L,NA,L,,Healthy,NA,NA,Experiment 2
162,WGS-91,NA,NA,NA,NA,GB14,GB 14,GB14,Exp3_D26_GB14,GB14,GB14,26,Disease,M,NA,M,,Removed,1,2,Experiment 3
163,WGS-91,NA,NA,NA,NA,GB14,GB 14,GB14,Exp4_D49_GB14,GB14,GB14,49,Diseased,K,NA,K,,Removed,1,6,Experiment 4
164,WGS-154,NA,NA,NA,NA,GB12,GB 12,GB12,Exp2_D10_GB 12,GB 12,GB12,10,Disease,K,NA,K,,Removed,5,6,Experiment 2
165,WGS-154,NA,NA,NA,NA,GB12,GB 12,GB12,Exp3_D18_GB12,GB12,GB12,18,Disease,J,NA,J,,Removed,1,2,Experiment 3
166,WGS-130,NA,NA,NA,NA,GB20,GB 20,GB20,Exp2_D11_GB 20,GB 20,GB20,11,Disease,K,NA,K,,Removed,2,6,Experiment 2
167,WGS-130,NA,NA,NA,NA,GB20,GB 20,GB20,Exp3_D22_GB20,GB20,GB20,22,Disease,D,NA,D,,Removed,13,2,Experiment 3
168,WGS-154,NA,NA,NA,NA,GB1,GB 1,GB1,Exp2_D12_GB 1,GB 1,GB1,12,Disease,E,NA,E,,Removed,1,4,Experiment 2
169,WGS-154,NA,NA,NA,NA,GB1,GB 1,GB1,Exp3_D40_GB1,GB1,GB1,40,Disease,E,NA,E,,Removed,8,2,Experiment 3
170,WGS-105,NA,NA,NA,NA,GB28,GB 28,GB28,Exp2_D12_GB 28,GB 28,GB28,12,Disease,E,NA,E,,Removed,2,1,Experiment 2
171,WGS-106,NA,NA,NA,NA,GB25,GB 25,GB25,Exp2_D13_GB 25,GB 25,GB25,13,Disease,D,NA,D,,Removed,1,3,Experiment 2
172,WGS-106,NA,NA,NA,NA,GB25,GB 25,GB25,Exp4_D17_GB25,GB25 (2/2),GB25,17,Diseased,J,NA,J,,Removed,2,5,Experiment 4
173,WGS-106,NA,NA,NA,NA,GB25,GB 25,GB25,Exp4_D27_GB25,GB25 (1/2),GB25,27,Diseased,E,P,P,Day10,Removed,2,1,Experiment 4
174,WGS-130,NA,NA,NA,NA,AE5,AE 5,AE5,Exp2_D14_AE 5,AE 5,AE5,14,Disease,E,NA,E,,Removed,1,3,Experiment 2
175,WGS-130,NA,NA,NA,NA,AE5,AE 5,AE5,Exp4_D26_AE5,AE5,AE5,26,Diseased,O,NA,O,,Healthy,NA,NA,Experiment 4
176,WGS-6,NA,NA,NA,NA,GB16,GB 16,GB16,Exp2_D14_GB 16,GB 16,GB16,14,Disease,E,NA,E,,Removed,1,1,Experiment 2
177,WGS-6,NA,NA,NA,NA,GB16,GB 16,GB16,Exp3_D5_GB16,GB16,GB16,5,Disease,K,NA,K,,Removed,1,3,Experiment 3
178,WGS-6,NA,NA,NA,NA,GB16,GB 16,GB16,Exp4_D50_GB16,GB16,GB16,50,Diseased,L,NA,L,,Removed,1,5,Experiment 4
179,WGS-1,OF353,15-353,OF353,15-353,15353,15 353,15353,Exp2_D15_15 353,15 353,15353,15,Disease,E,NA,E,,Removed,1,4,Experiment 2
180,WGS-1,OF353,15-353,OF353,15-353,15353,15 353,15353,Exp3_D8_15-353,15-353 (1/2),15353,8,Disease,M,NA,M,,Removed,1,3,Experiment 3
181,WGS-1,OF353,15-353,OF353,15-353,15353,15 353,15353,Exp3_D45_15-353,15-353 (1/2),15353,45,Disease,J,NA,J,,Removed,1,4,Experiment 3
182,WGS-47,NA,NA,NA,NA,UK36,UK 36,UK36,Exp2_D15_UK 36,UK 36,UK36,15,Disease,E,NA,E,,Removed,1,1,Experiment 2
183,WGS-47,NA,NA,NA,NA,UK36,UK 36,UK36,Exp4_D28_UK36,UK36,UK36,28,Diseased,O,NA,O,,Removed,2,12,Experiment 4
184,WGS-132,OF201,OF201,OF201,S384,OF201,OF 201,OF201,Exp2_D16_OF 201,OF 201,OF201,16,Disease,E,NA,E,,Removed,2,1,Experiment 2
185,WGS-113,OF373,S373,OF373,S373,S373,S 373,S373,Exp2_D16_S 373,S 373,S373,16,Disease,E,NA,E,,Removed,1,4,Experiment 2
186,WGS-113,OF373,S373,OF373,S373,S373,S 373,S373,Exp3_D13_S373,S373,S373,13,Disease,M,NA,M,,Removed,1,7,Experiment 3
187,WGS-167,NA,NA,NA,NA,GB22,GB 22,GB22,Exp2_D17_GB 22,GB 22,GB22,17,Disease,E,NA,E,,Removed,1,2,Experiment 2
188,WGS-167,NA,NA,NA,NA,GB22,GB 22,GB22,Exp4_D20_GB22,GB22,GB22,20,Diseased,J,O,O,Day10,Removed,6,10,Experiment 4
189,WGS-77,OF378,S378,OF378,S378,S378,S 378,S378,Exp2_D17_S 378,S 378,S378,17,Disease,E,NA,E,,Removed,1,3,Experiment 2
190,WGS-77,OF378,S378,OF378,S378,S378,S 378,S378,Exp3_D43_S378,S378 (1/2),S378,43,Disease,D,NA,D,,Removed,1,3,Experiment 3
191,WGS-77,OF378,S378,OF378,S378,S378,S 378,S378,Exp3_D47_S378,S378 (1/2),S378,47,Disease,J,NA,J,,Removed,1,4,Experiment 3
192,GB 11,NA,NA,NA,NA,GB11,GB 11,GB11,Exp2_D18_GB 11,GB 11,GB11,18,Disease,J,NA,J,,Removed,1,4,Experiment 2
193,GB 11,NA,NA,NA,NA,GB11,GB 11,GB11,Exp3_D20_GB11,GB11,GB11,20,Disease,M,NA,M,,Removed,1,5,Experiment 3
194,WGS-136,NA,NA,NA,NA,GB5,GB 5,GB5,Exp2_D20_GB 5,GB 5,GB5,20,Disease,E,NA,E,,Healthy,NA,NA,Experiment 2
195,WGS-136,NA,NA,NA,NA,GB5,GB 5,GB5,Exp3_D44_GB5,GB5,GB5,44,Disease,N,NA,N,,Removed,2,1,Experiment 3
196,WGS-2,OF100,OF100,,NONE,OF100,OF 100,OF100,Exp2_D20_OF 100,OF 100,OF100,20,Disease,E,NA,E,,Removed,1,4,Experiment 2
197,WGS-2,OF100,OF100,,NONE,OF100,OF 100,OF100,Exp3_D28_OF100,OF100 (1/2),OF100,28,Disease,L,NA,L,,Removed,2,1,Experiment 3
198,WGS-2,OF100,OF100,,NONE,OF100,OF 100,OF100,Exp3_D32_OF100,OF100 (1/2),OF100,32,Disease,L,NA,L,,Removed,1,1,Experiment 3
199,WGS-79,NA,NA,NA,NA,GB31,GB 31,GB31,Exp2_D21_GB 31,GB 31,GB31,21,Disease,K,NA,K,,Removed,2,6,Experiment 2
200,WGS-137,NA,NA,NA,NA,GB13,GB 13,GB13,Exp2_D22_GB 13,GB 13,GB13,22,Disease,J,NA,J,,Removed,1,6,Experiment 2
201,WGS-137,NA,NA,NA,NA,GB13,GB 13,GB13,Exp4_D18_GB13,GB13 (2/2),GB13,18,Diseased,K,NA,K,,Removed,2,2,Experiment 4
202,WGS-137,NA,NA,NA,NA,GB13,GB 13,GB13,Exp4_D27_GB13,GB13 (1/2),GB13,27,Diseased,E,P,P,Day10,Healthy,NA,NA,Experiment 4
203,WGS-119,OF439,S439,OF439,S439,S439,S 439,S439,Exp2_D22_S 439,S 439,S439,22,Disease,J,NA,J,,Healthy,NA,NA,Experiment 2
204,WGS-119,OF439,S439,OF439,S439,S439,S 439,S439,Exp3_D50_S439,S439,S439,50,Disease,N,NA,N,,Removed,1,4,Experiment 3
205,WGS-115,NA,NA,NA,NA,AE3,AE 3,AE3,Exp2_D23_AE 3,AE 3,AE3,23,Disease,K,NA,K,,Removed,1,4,Experiment 2
206,WGS-115,NA,NA,NA,NA,AE3,AE 3,AE3,Exp4_D25_AE3,AE3,AE3,25,Diseased,P,NA,P,,Removed,3,4,Experiment 4
207,WGS-130,NA,NA,NA,NA,GB18,GB 18,GB18,Exp2_D23_GB 18,GB 18,GB18,23,Disease,K,NA,K,,Removed,1,6,Experiment 2
208,WGS-130,NA,NA,NA,NA,GB18,GB 18,GB18,Exp3_D16_GB18,GB18,GB18,16,Disease,K,NA,K,,Removed,2,2,Experiment 3
209,WGS-130,NA,NA,NA,NA,GB18,GB 18,GB18,Exp4_D34_GB18,GB18,GB18,34,Diseased,M,NA,M,,Removed,1,4,Experiment 4
210,WGS-85,OF349,15-349,"OF349, S349",15-349,15349,15 349,15349,Exp2_D24_15 349,15 349,15349,24,Disease,L,NA,L,,Removed,2,4,Experiment 2
211,WGS-85,OF349,15-349,"OF349, S349",15-349,15349,15 349,15349,Exp3_D26_15-349,15-349,15349,26,Disease,M,NA,M,,Removed,1,3,Experiment 3
212,WGS-85,OF349,15-349,"OF349, S349",15-349,15349,15 349,15349,Exp4_D31_15-349,15-349,15349,31,Diseased,P,NA,P,,Healthy,NA,NA,Experiment 4
213,WGS-94,OF200,OF200,M115,M115,OF200,OF 200,OF200,Exp2_D26_OF 200,OF 200,OF200,26,Disease,L,NA,L,,Removed,2,6,Experiment 2
214,WGS-127,NA,NA,NA,NA,GB4,GB 4,GB4,Exp2_D27_GB 4,GB 4,GB4,27,Disease,J,NA,J,,Removed,1,4,Experiment 2
215,WGS-127,NA,NA,NA,NA,GB4,GB 4,GB4,Exp3_D42_GB4,GB4,GB4,42,Disease,N,NA,N,,Healthy,NA,NA,Experiment 3
216,WGS-127,NA,NA,NA,NA,GB4,GB 4,GB4,Exp4_D37_GB4,GB4,GB4,37,Diseased,P,K,K,Day5,Removed,9,1,Experiment 4
217,WGS-134,OF99,OF99,,NONE,OF99,OF 99,OF99,Exp2_D28_OF 99,OF 99,OF99,28,Disease,J,NA,J,,Removed,1,5,Experiment 2
218,WGS-134,OF99,OF99,,NONE,OF99,OF 99,OF99,Exp3_D36_OF99,OF99,OF99,36,Disease,J,NA,J,,Removed,1,6,Experiment 3
219,WGS-7,NA,NA,NA,NA,GB9,GB 9,GB9,Exp2_D33_GB 9,GB 9,GB9,33,Disease,E,NA,E,,Removed,3,1,Experiment 2
220,WGS-7,NA,NA,NA,NA,GB9,GB 9,GB9,Exp3_D2_GB9,GB9,GB9,2,Disease,K,NA,K,,Removed,1,2,Experiment 3
221,WGS-7,NA,NA,NA,NA,GB9,GB 9,GB9,Exp4_D38_GB9,GB9,GB9,38,Diseased,K,NA,K,,Removed,1,4,Experiment 4
222,WGS-154,NA,NA,NA,NA,GB7,GB 7,GB7,Exp2_D34_GB 7,GB 7,GB7,34,Disease,J,NA,J,,Removed,1,3,Experiment 2
223,WGS-118,OF96,OF96,,NONE,OF96,OF 96,OF96,Exp2_D37_OF 96,OF 96,OF96,37,Disease,K,NA,K,,Removed,2,1,Experiment 2
224,WGS-118,OF96,OF96,,NONE,OF96,OF 96,OF96,Exp3_D29_OF96,OF96 (1/2),OF96,29,Disease,K,NA,K,,Removed,2,3,Experiment 3
225,WGS-118,OF96,OF96,,NONE,OF96,OF 96,OF96,Exp3_D41_OF96,OF96 (1/2),OF96,41,Disease,J,NA,J,,Healthy,NA,NA,Experiment 3
226,WGS-108,NA,NA,NA,NA,GB15,GB 15,GB15,Exp2_D38_GB 15,GB 15,GB15,38,Disease,E,NA,E,,Removed,2,3,Experiment 2
227,WGS-108,NA,NA,NA,NA,GB15,GB 15,GB15,Exp3_D10_GB15,GB15,GB15,10,Disease,J,E,E,Day3,Removed,1,4,Experiment 3
228,WGS-108,NA,NA,NA,NA,GB15,GB 15,GB15,Exp4_D32_GB15,GB15,GB15,32,Diseased,O,NA,O,,Removed,1,10,Experiment 4
229,WGS-135,NA,NA,NA,NA,GB2,GB 2,GB2,Exp2_D38_GB 2,GB 2,GB2,38,Disease,E,NA,E,,Removed,1,4,Experiment 2
230,WGS-135,NA,NA,NA,NA,GB2,GB 2,GB2,Exp3_D33_GB2,GB2,GB2,33,Disease,J,NA,J,,Removed,1,5,Experiment 3
231,WGS-135,NA,NA,NA,NA,GB2,GB 2,GB2,Exp4_D46_GB2,GB2,GB2,46,Diseased,P,NA,P,,Removed,1,3,Experiment 4
232,WGS-12,OF12,F12,OF12,F12,F12,F 12,F12,Exp2_D39_F 12,F 12,F12,39,Disease,E,NA,E,,Removed,1,2,Experiment 2
233,WGS-12,OF12,F12,OF12,F12,F12,F 12,F12,Exp4_D18_F12,F12 (2/2),F12,18,Diseased,K,NA,K,,Removed,1,1,Experiment 4
234,WGS-12,OF12,F12,OF12,F12,F12,F 12,F12,Exp4_D26_F12,F12 (1/2),F12,26,Diseased,O,NA,O,,Removed,1,4,Experiment 4
235,WGS-14,NA,NA,NA,NA,GB30,GB 30,GB30,Exp2_D39_GB 30,GB 30,GB30,39,Disease,E,NA,E,,Removed,2,1,Experiment 2
236,WGS-80,OF2,F-1-A,OF 2,F1A,F1A,F 1 A,F1A,Exp2_D41_F 1 A,F 1 A,F1A,41,Disease,D,NA,D,,Removed,1,6,Experiment 2
237,WGS-80,OF2,F-1-A,OF 2,F1A,F1A,F 1 A,F1A,Exp3_D4_F1A,F1A (1/2),F1A,4,Disease,E,NA,E,,Removed,1,3,Experiment 3
238,WGS-80,OF2,F-1-A,OF 2,F1A,F1A,F 1 A,F1A,Exp3_D30_F1A,F1-A (1/2),F1A,30,Disease,J,NA,J,,Removed,4,7,Experiment 3
239,WGS-95,OF509,OF509,"OF509, S509","S509,15-509",OF509,OF 509,OF509,Exp2_D41_OF 509,OF 509,OF509,41,Disease,D,NA,D,,Removed,1,6,Experiment 2
240,WGS-4,OF32,F32,OF32,F32,F32,F 32,F32,Exp2_D42_F 32,F 32,F32,42,Disease,K,NA,K,,Removed,2,4,Experiment 2
241,WGS-4,OF32,F32,OF32,F32,F32,F 32,F32,Exp3_D12_F32,F32 (1/2),F32,12,Disease,L,NA,L,,Removed,1,1,Experiment 3
242,WGS-4,OF32,F32,OF32,F32,F32,F 32,F32,Exp3_D35_F32,F32 (1/2),F32,35,Disease,N,NA,N,,Removed,1,1,Experiment 3
243,WGS-38,OF705,OF705,"15-315,S315",15-315,OF705,OF 705,OF705,Exp2_D42_OF 705,OF 705,OF705,42,Disease,K,NA,K,,Removed,1,3,Experiment 2
244,WGS-62,NA,NA,NA,NA,GB3,GB 3,GB3,Exp2_D43_GB 3,GB 3,GB3,43,Disease,J,NA,J,,Removed,1,5,Experiment 2
245,WGS-62,NA,NA,NA,NA,GB3,GB 3,GB3,Exp3_D31_GB3,GB3,GB3,31,Disease,N,NA,N,,Removed,1,5,Experiment 3
246,WGS-62,NA,NA,NA,NA,GB3,GB 3,GB3,Exp4_D36_GB3,GB3,GB3,36,Diseased,O,NA,O,,Healthy,NA,NA,Experiment 4
247,WGS-42,NA,NA,NA,NA,GB8,GB 8,GB8,Exp2_D44_GB 8,GB 8,GB8,44,Disease,K,NA,K,,Healthy,NA,NA,Experiment 2
248,WGS-42,NA,NA,NA,NA,GB8,GB 8,GB8,Exp3_D1_GB8,GB8,GB8,1,Disease,J,NA,J,,Removed,1,7,Experiment 3
249,WGS-42,NA,NA,NA,NA,GB8,GB 8,GB8,Exp4_D37_GB8,GB8,GB8,37,Diseased,P,K,K,Day5,Healthy,NA,NA,Experiment 4
250,WGS-63,OF46,OF46,F46,F46,OF46,OF 46,OF46,Exp2_D44_OF 46,OF 46,OF46,44,Disease,K,NA,K,,Removed,1,7,Experiment 2
251,WGS-45,OF464,OF464,"S464,15-464",S464,OF464,OF 464,OF464,Exp2_D45_OF 464,OF 464,OF464,45,Disease,J,NA,J,,Removed,2,2,Experiment 2
252,WGS-126,OF98,OF98,,NONE,OF98,OF 98,OF98,Exp2_D45_OF 98,OF 98,OF98,45,Disease,J,NA,J,,Removed,2,3,Experiment 2
253,WGS-135,NA,NA,NA,NA,GB10,GB 10,GB10,Exp2_D46_GB 10,GB 10,GB10,46,Disease,K,NA,K,,Removed,1,5,Experiment 2
254,WGS-135,NA,NA,NA,NA,GB10,GB 10,GB10,Exp3_D3_GB10,GB10,GB10,3,Disease,L,NA,L,,Removed,1,1,Experiment 3
255,WGS-135,NA,NA,NA,NA,GB10,GB 10,GB10,Exp4_D31_GB10,GB10,GB10,31,Diseased,P,NA,P,,Healthy,NA,NA,Experiment 4
256,WGS-84,OF56,OF56,,,OF56,OF 56,OF56,Exp2_D46_OF 56,OF 56,OF56,46,Disease,K,NA,K,,Healthy,NA,NA,Experiment 2
257,WGS-76,NA,NA,NA,NA,OF101,OF 101,OF101,Exp2_D47_OF 101,OF 101,OF101,47,Disease,J,NA,J,,Removed,1,3,Experiment 2
258,WGS-35,OF745,OF745,"15-199,S199",15-199,OF745,OF 745,OF745,Exp2_D47_OF 745,OF 745,OF745,47,Disease,J,NA,J,,Removed,1,4,Experiment 2
259,WGS-92,OF457,OF457,OF457,15-457,OF457,OF 457,OF457,Exp2_D48_OF 457,OF 457,OF457,48,Disease,J,NA,J,,Removed,1,4,Experiment 2
260,WGS-86,OF635,OF635,"S635,15-635","S635,F635",OF635,OF 635,OF635,Exp2_D49_OF 635,OF 635,OF635,49,Disease,D,NA,D,,Removed,2,2,Experiment 2
261,WGS-154,OF657,OF657,OF657,BP5,OF657,OF 657,OF657,Exp2_D49_OF 657,OF 657,OF657,49,Disease,D,NA,D,,Removed,1,5,Experiment 2
262,WGS-154,OF657,OF657,OF657,BP5,OF657,OF 657,OF657,Exp3_D15_OF657,OF657,OF657,15,Disease,N,NA,N,,Removed,1,6,Experiment 3
263,WGS-154,OF657,OF657,OF657,BP5,OF657,OF 657,OF657,Exp4_D29_OF657,OF657,OF657,29,Diseased,P,NA,P,,Removed,1,7,Experiment 4
264,WGS-39,NA,NA,NA,NA,GB6,GB6,GB6,Exp2_D50_GB 6,GB6,GB6,50,Disease,J,NA,J,,Healthy,NA,NA,Experiment 2
265,WGS-39,NA,NA,NA,NA,GB6,GB6,GB6,Exp3_D46_GB6,GB6,GB6,46,Disease,M,NA,M,,Removed,9,1,Experiment 3
266,WGS-154,NA,NA,NA,NA,M12,M12,M12,Exp3_D1_M12,M12,M12,1,Disease,J,NA,J,,Removed,1,8,Experiment 3
267,WGS-154,NA,NA,NA,NA,M12,M12,M12,Exp4_D28_M12,M12 (2/2),M12,28,Diseased,O,NA,O,,Removed,10,1,Experiment 4
268,WGS-154,NA,NA,NA,NA,M12,M12,M12,Exp4_D40_M12,M12 (1/2),M12,40,Diseased,P,NA,P,,Removed,2,3,Experiment 4
269,WGS-13,NA,NA,NA,NA,M6,M6,M6,Exp3_D3_M6,M6,M6,3,Disease,L,NA,L,,Removed,1,1,Experiment 3
270,WGS-13,NA,NA,NA,NA,M6,M6,M6,Exp4_D19_M6,M6 (2/2),M6,19,Diseased,M,NA,M,,Removed,5,1,Experiment 4
271,WGS-13,NA,NA,NA,NA,M6,M6,M6,Exp4_D21_M6,M6 (1/2),M6,21,Diseased,M,NA,M,,Diseased,17,2,Experiment 4
272,WGS-71,NA,NA,NA,NA,M17,M17,M17,Exp3_D6_M17,M17,M17,6,Disease,D,NA,D,,Removed,4,1,Experiment 3
273,WGS-71,NA,NA,NA,NA,M17,M17,M17,Exp4_D40_M17,M17,M17,40,Diseased,P,NA,P,,Healthy,NA,NA,Experiment 4
274,WGS-66,NA,NA,NA,NA,M5,M5,M5,Exp3_D7_M5,M5,M5,7,Disease,L,NA,L,,Removed,1,3,Experiment 3
275,WGS-68,NA,NA,NA,NA,M36,M36,M36,Exp3_D8_M36,M36,M36,8,Disease,M,NA,M,,Removed,1,3,Experiment 3
276,WGS-68,NA,NA,NA,NA,M36,M36,M36,Exp4_D23_M36,M36,M36,23,Diseased,P,NA,P,,Removed,7,2,Experiment 4
277,WGS-173,NA,NA,NA,NA,M10,M10,M10,Exp3_D9_M10,M10,M10,9,Disease,M,NA,M,,Removed,5,2,Experiment 3
278,WGS-133,NA,NA,NA,NA,M2,M2,M2,Exp3_D11_M2,M2,M2,11,Disease,E,NA,E,,Removed,6,2,Experiment 3
279,WGS-133,NA,NA,NA,NA,M2,M2,M2,Exp4_D17_M2,M2 (2/2),M2,17,Diseased,J,NA,J,,Removed,1,3,Experiment 4
280,WGS-133,NA,NA,NA,NA,M2,M2,M2,Exp4_D41_M2,M2 (1/2),M2,41,Diseased,O,NA,O,,Removed,1,1,Experiment 4
281,WGS-158,OF622,S59,"OF622, 15-59","S59,15-59",S59,S59,S59,Exp3_D11_S59,S59,S59,11,Disease,E,NA,E,,Removed,2,6,Experiment 3
282,WGS-70,NA,NA,NA,NA,M3,M3,M3,Exp3_D12_M3,M3,M3,12,Disease,L,NA,L,,Removed,1,1,Experiment 3
283,WGS-70,NA,NA,NA,NA,M3,M3,M3,Exp4_D48_M3,M3,M3,48,Diseased,P,NA,P,,Removed,1,4,Experiment 4
284,WGS-110,NA,NA,NA,NA,M18,M18,M18,Exp3_D14_M18,M18,M18,14,Disease,J,NA,J,,Removed,1,3,Experiment 3
285,WGS-110,NA,NA,NA,NA,M18,M18,M18,Exp4_D48_M18,M18,M18,48,Diseased,P,NA,P,,Removed,1,3,Experiment 4
286,WGS-66,NA,NA,NA,NA,M14,M14,M14,Exp3_D15_M14,M14,M14,15,Disease,N,NA,N,,Removed,1,4,Experiment 3
287,WGS-66,NA,NA,NA,NA,M14,M14,M14,Exp4_D44_M14,M14,M14,44,Diseased,P,NA,P,,Removed,3,4,Experiment 4
288,WGS-154,NA,NA,NA,NA,M35,M35,M35,Exp3_D17_M35,M35,M35,17,Disease,K,NA,K,,Removed,2,1,Experiment 3
289,WGS-154,NA,NA,NA,NA,M35,M35,M35,Exp4_D21_M35,M35,M35,21,Diseased,M,NA,M,,Removed,1,7,Experiment 4
290,WGS-67,OF97,OF97,,NONE,OF97,OF97,OF97,Exp3_D17_OF97,OF97,OF97,17,Disease,K,NA,K,,Removed,3,1,Experiment 3
291,WGS-123,NA,NA,NA,NA,M4,M4,M4,Exp3_D18_M4,M4,M4,18,Disease,J,NA,J,,Removed,1,3,Experiment 3
292,WGS-123,NA,NA,NA,NA,M4,M4,M4,Exp4_D19_M4,M4 (2/2),M4,19,Diseased,M,NA,M,,Removed,1,3,Experiment 4
293,WGS-123,NA,NA,NA,NA,M4,M4,M4,Exp4_D22_M4,M4 (1/2),M4,22,Diseased,O,NA,O,,Healthy,NA,NA,Experiment 4
294,M15,NA,NA,NA,NA,M15,M15,M15,Exp3_D19_M15,M15,M15,19,Disease,N,NA,N,,Removed,3,2,Experiment 3
295,M15,NA,NA,NA,NA,M15,M15,M15,Exp4_D41_M15,M15,M15,41,Diseased,O,NA,O,,Removed,1,4,Experiment 4
296,WGS-154,NA,NA,NA,NA,M11,M11,M11,Exp3_D21_M11,M11,M11,21,Disease,J,K,K,Day2,Removed,1,3,Experiment 3
297,WGS-154,NA,NA,NA,NA,M11,M11,M11,Exp4_D39_M11,M11,M11,39,Diseased,E,NA,E,,Removed,2,1,Experiment 4
298,WGS-138,OF512,OF512,OF512,S512,OF512,OF512,OF512,Exp3_D21_OF512,OF512,OF512,21,Disease,J,K,K,Day2,Removed,1,3,Experiment 3
299,WGS-125,OF443,OF443,OF443,S389,OF443,OF443,OF443,Exp3_D22_OF443,OF443,OF443,22,Disease,D,NA,D,,Removed,1,2,Experiment 3
300,M9,NA,NA,NA,NA,M9,M9,M9,Exp3_D24_M9,M9,M9,24,Disease,E,NA,E,,Removed,4,3,Experiment 3
301,M9,NA,NA,NA,NA,M9,M9,M9,Exp4_D24_M9,M9,M9,24,Diseased,J,NA,J,,Removed,2,2,Experiment 4
302,WGS-69,NA,NA,NA,NA,M16,M16,M16,Exp3_D25_M16,M16,M16,25,Disease,L,NA,L,,Removed,1,6,Experiment 3
303,WGS-69,NA,NA,NA,NA,M16,M16,M16,Exp4_D42_M16,M16,M16,42,Diseased,P,NA,P,,Removed,2,4,Experiment 4
304,WGS-116,NA,NA,NA,NA,M13,M13,M13,Exp3_D27_M13,M13,M13,27,Disease,M,NA,M,,Healthy,NA,NA,Experiment 3
305,WGS-116,NA,NA,NA,NA,M13,M13,M13,Exp4_D20_M13,M13 (1/2),M13,20,Diseased,J,NA,J,,Removed,1,13,Experiment 4
306,WGS-116,NA,NA,NA,NA,M13,M13,M13,Exp4_D42_M13,M13 (2/2),M13,42,Diseased,P,NA,P,,Removed,4,1,Experiment 4
307,WGS-174,NA,NA,NA,NA,M19,M19,M19,Exp3_D28_M19,M19,M19,28,Disease,L,NA,L,,Removed,1,3,Experiment 3
308,WGS-174,NA,NA,NA,NA,M19,M19,M19,Exp4_D43_M19,M19,M19,43,Diseased,K,NA,K,,Removed,1,1,Experiment 4
309,WGS-154,NA,NA,NA,NA,M7,M7,M7,Exp3_D29_M7,M7,M7,29,Disease,K,NA,K,,Removed,2,6,Experiment 3
310,WGS-154,NA,NA,NA,NA,M7,M7,M7,Exp4_D23_M7,M7,M7,23,Diseased,P,NA,P,,Removed,2,8,Experiment 4
311,WGS-11,NA,NA,NA,NA,M8,M8,M8,Exp3_D30_M8,M8,M8,30,Disease,J,NA,J,,Healthy,NA,NA,Experiment 3
312,WGS-11,NA,NA,NA,NA,M8,M8,M8,Exp4_D29_M8,M8 (1/2),M8,29,Diseased,P,NA,P,,Removed,1,8,Experiment 4
313,WGS-168,NA,NA,NA,NA,M34,M34,M34,Exp3_D32_M34,M34,M34,32,Disease,L,NA,L,,Removed,5,2,Experiment 3
314,WGS-168,NA,NA,NA,NA,M34,M34,M34,Exp4_D13_M34,M34 (1/2),M34,13,Diseased,O,NA,O,,Removed,3,3,Experiment 4
315,WGS-168,NA,NA,NA,NA,M34,M34,M34,Exp4_D50_M34,M34 (2/2),M34,50,Diseased,L,NA,L,,Removed,5,2,Experiment 4
316,WGS-73,NA,NA,NA,NA,M32,M32,M32,Exp3_D33_M32,M32,M32,33,Disease,J,NA,J,,Removed,2,2,Experiment 3
317,WGS-73,NA,NA,NA,NA,M32,M32,M32,Exp4_D14_M32,M32 (1/2),M32,14,Diseased,P,NA,P,,Healthy,NA,NA,Experiment 4
318,WGS-73,NA,NA,NA,NA,M32,M32,M32,Exp4_D49_M32,M32 (2/2),M32,49,Diseased,K,NA,K,,Removed,1,6,Experiment 4
319,WGS-72,NA,NA,NA,NA,M21,M21,M21,Exp3_D34_M21,M21,M21,34,Disease,N,NA,N,,Removed,1,6,Experiment 3
320,WGS-72,NA,NA,NA,NA,M21,M21,M21,Exp4_D16_M21,M21 (1/2),M21,16,Diseased,O,NA,O,,Removed,1,13,Experiment 4
321,WGS-72,NA,NA,NA,NA,M21,M21,M21,Exp4_D36_M21,M21 (2/2),M21,36,Diseased,O,NA,O,,Healthy,NA,NA,Experiment 4
322,WGS-109,NA,NA,NA,NA,M27,M27,M27,Exp3_D35_M27,M27,M27,35,Disease,N,NA,N,,Removed,1,7,Experiment 3
323,WGS-175,NA,NA,NA,NA,M30,M30,M30,Exp3_D36_M30,M30,M30,36,Disease,J,NA,J,,Removed,4,4,Experiment 3
324,WGS-175,NA,NA,NA,NA,M30,M30,M30,Exp4_D14_M30,M30 (1/2),M30,14,Diseased,P,NA,P,,Removed,1,4,Experiment 4
325,WGS-175,NA,NA,NA,NA,M30,M30,M30,Exp4_D43_M30,M30 (2/2),M30,43,Diseased,K,NA,K,,Removed,1,1,Experiment 4
326,WGS-74,NA,NA,NA,NA,M26,M26,M26,Exp3_D37_M26,M26,M26,37,Disease,M,NA,M,,Removed,1,3,Experiment 3
327,WGS-74,NA,NA,NA,NA,M26,M26,M26,Exp4_D46_M26,M26,M26,46,Diseased,P,NA,P,,Removed,1,5,Experiment 4
328,WGS-154,NA,NA,NA,NA,M28,M28,M28,Exp3_D38_M28,M28,M28,38,Disease,E,NA,E,,Removed,1,2,Experiment 3
329,WGS-154,NA,NA,NA,NA,M28,M28,M28,Exp4_D16_M28,M28 (1/2),M28,16,Diseased,O,NA,O,,Removed,5,8,Experiment 4
330,WGS-154,NA,NA,NA,NA,M28,M28,M28,Exp4_D34_M28,M28 (2/2),M28,34,Diseased,M,NA,M,,Removed,1,1,Experiment 4
331,WGS-164,NA,NA,NA,NA,M24,M24,M24,Exp3_D39_M24,M24,M24,39,Disease,K,NA,K,,Removed,1,3,Experiment 3
332,WGS-164,NA,NA,NA,NA,M24,M24,M24,Exp4_D35_M24,M24,M24,35,Diseased,L,P,P,Day5,Removed,1,7,Experiment 4
333,WGS-117,NA,NA,NA,NA,M20,M20,M20,Exp3_D40_M20,M20,M20,40,Disease,E,NA,E,,Healthy,NA,NA,Experiment 3
334,WGS-117,NA,NA,NA,NA,M20,M20,M20,Exp4_D22_M20,M20 (2/2),M20,22,Diseased,O,NA,O,,Removed,1,10,Experiment 4
335,WGS-117,NA,NA,NA,NA,M20,M20,M20,Exp4_D44_M20,M20 (1/2),M20,44,Diseased,P,NA,P,,Removed,6,1,Experiment 4
336,WGS-139,NA,NA,NA,NA,M31,M31,M31,Exp3_D41_M31,M31,M31,41,Disease,J,NA,J,,Healthy,NA,NA,Experiment 3
337,WGS-139,NA,NA,NA,NA,M31,M31,M31,Exp4_D30_M31,M31 (2/2),M31,30,Diseased,O,NA,O,,Removed,1,6,Experiment 4
338,WGS-139,NA,NA,NA,NA,M31,M31,M31,Exp4_D32_M31,M31 (1/2),M31,32,Diseased,O,NA,O,,Removed,1,9,Experiment 4
339,WGS-72,NA,NA,NA,NA,M23,M23,M23,Exp3_D48_M23,M23,M23,48,Disease,J,NA,J,,Removed,2,3,Experiment 3
340,WGS-72,NA,NA,NA,NA,M23,M23,M23,Exp4_D15_M23,M23 (1/2),M23,15,Diseased,P,NA,P,,Removed,4,3,Experiment 4
341,WGS-72,NA,NA,NA,NA,M23,M23,M23,Exp4_D45_M23,M23 (2/2),M23,45,Diseased,O,NA,O,,Removed,3,7,Experiment 4
342,WGS-154,NA,NA,NA,NA,M33,M33,M33,Exp3_D49_M33,M33,M33,49,Disease,M,NA,M,,Removed,1,4,Experiment 3
343,WGS-154,NA,NA,NA,NA,M33,M33,M33,Exp4_D33_M33,M33,M33,33,Diseased,M,O,O,Day13,Removed,1,14,Experiment 4
344,WGS-111,NA,NA,NA,NA,M29,M29,M29,Exp3_D50_M29,M29,M29,50,Disease,N,NA,N,,Removed,1,6,Experiment 3
345,WGS-111,NA,NA,NA,NA,M29,M29,M29,Exp4_D15_M29,M29 (1/2),M29,15,Diseased,P,NA,P,,Removed,1,6,Experiment 4
346,WGS-111,NA,NA,NA,NA,M29,M29,M29,Exp4_D47_M29,M29 (2/2),M29,47,Diseased,M,NA,M,,Removed,1,1,Experiment 4
