"","Sample.ID","PutGeno","Genotype.Replicate","Technical.Replicate","Multi.Locus.Genotype.ID","MLG.Notes","Raw.Reads","Aligned","Alignment.Rate","Missing.Loci","Remove","Symbiodinium","Breviolum","Cladocopium","Durusdinium","Putative.Genotype.ID","Genotype.name.x","Other.names.x","Seq.WGS","Known.Mote.geno","Sample.Source","RestorationSample.InExp","Restoration.name","Genotype.name.y","Other.names.y","OFAV.Old.Name","Mote.Known.Clones","Type","Source","Hybrid","Collection.Latitude","Collection.Longitude","Year.of.initial.collection","Partner.Source","Mote.Genotyped","Mote.2brad","Mote.Putative.2bRAD.Clones","Mote.Microsatellites","Mote.Putative.MSAT.Clones","Mote.Disease.Tested","Mote.Temp.Tested","Mote.OA.Tested"
"1","s001","15-353","15-353","no","WGS-1","",24550282,18807292,0.766,12519,"y",0.170537037,0.03798151,0.245917823,0.54556363,"15353","15-353","OF353","YES","Y","Experiment",NA,"OF353","15-353","OF353","15-353","","SR","H","N",25.139367,-80.294017,"2015 batch","Margaret Miller","","","","","",NA,NA,NA
"2","s002","OF100","OF100","no","WGS-2","",24537896,20001933,0.815,790,"",0.083659589,0.753268747,0.037922551,0.125149113,"OF100","OF100","","YES","Y","Experiment",NA,"OF100","OF100","","NONE","","COO","Jaap","Y",24.58721,-81.5783,"12.15.2020","Mote","","","","","",NA,NA,NA
"3","s003","GB17","GB17","no","WGS-3","",24643689,19776283,0.802,828,"",0.091165131,0.013287286,0.090343421,0.805204162,"GB17","GB17","","YES","N","Experiment",NA,NA,NA,NA,NA,NA,NA,NA,NA,NA,NA,NA,NA,NA,NA,NA,NA,NA,NA,NA,NA
"4","s004","F32","F32","no","WGS-4","",25500611,16428819,0.644,1011,"",0.043209676,0.006036646,0.026892319,0.923861359,"F32","F32","OF32","YES","Y","Experiment",NA,"OF32","F32","OF32","F32","OF11","COO","KWN","N",24.55107,-81.80805,"2010-2017","Mote","Yes","Kenkel, 2018","F1, X11","Imhof, 2018","",2018,2018,2018
"5","s005","GB1","GB1_wgs_1","yes","WGS-154","",26525495,20696913,0.78,647,"x",0.085372003,0.012947885,0.088244815,0.813435298,"GB1","GB1","","YES","N","Experiment",NA,NA,NA,NA,NA,NA,NA,NA,NA,NA,NA,NA,NA,NA,NA,NA,NA,NA,NA,NA,NA
"6","s006","GB16","GB16","no","WGS-6","",19762388,15272964,0.773,977,"",0.05760479,0.00979357,0.051062674,0.881538966,"GB16","GB16","","YES","N","Experiment",NA,NA,NA,NA,NA,NA,NA,NA,NA,NA,NA,NA,NA,NA,NA,NA,NA,NA,NA,NA,NA
"7","s007","GB9","GB9","no","WGS-7","",25562224,20663438,0.808,782,"",0.061493698,0.010195884,0.0498675,0.878442917,"GB9","GB9","","YES","N","Experiment",NA,NA,NA,NA,NA,NA,NA,NA,NA,NA,NA,NA,NA,NA,NA,NA,NA,NA,NA,NA,NA
"8","s008","M2-AE23","M2-AE23","no","WGS-8","",24134469,17458921,0.723,939,"",0.051720704,0.009187974,0.056189996,0.882901326,"M2-AE23","M2-AE23","","YES","N",NA,"N",NA,NA,NA,NA,NA,NA,NA,NA,NA,NA,NA,NA,NA,NA,NA,NA,NA,NA,NA,NA
"9","s010","OF75","OF75","no","WGS-10","",24511839,19025706,0.776,706,"",0.059547545,0.01520419,0.055406401,0.869841864,"OF75","OF75","F75","YES","Y","Experiment",NA,"OF75","OF75","F75","F75","","COO","KWN","N",24.55107,-81.80805,"2010-2017","Mote","","","","","",NA,NA,NA
"10","s011","M8","M8","no","WGS-11","",24772288,18890251,0.763,880,"",0.029650816,0.005086438,0.029994158,0.935268588,"M8","M8","","YES","N","Experiment",NA,NA,NA,NA,NA,NA,NA,NA,NA,NA,NA,NA,NA,NA,NA,NA,NA,NA,NA,NA,NA
"11","s012","GB19","GB19","no","WGS-12","",24199784,17566038,0.726,1000,"x",0.033628039,0.005844887,0.027911627,0.932615447,"GB19","GB19","","YES","N","Experiment",NA,NA,NA,NA,NA,NA,NA,NA,NA,NA,NA,NA,NA,NA,NA,NA,NA,NA,NA,NA,NA
"12","s013","M6","M6","no","WGS-13","",24226277,18014174,0.744,791,"",0.103478284,0.013739088,0.106235343,0.776547284,"M6","M6","","YES","N","Experiment",NA,NA,NA,NA,NA,NA,NA,NA,NA,NA,NA,NA,NA,NA,NA,NA,NA,NA,NA,NA,NA
"13","s014","GB30","GB30","no","WGS-14","",24709523,14161228,0.573,1302,"",0.031837722,0.004794311,0.026638299,0.936729668,"GB30","GB30","","YES","N","Experiment",NA,NA,NA,NA,NA,NA,NA,NA,NA,NA,NA,NA,NA,NA,NA,NA,NA,NA,NA,NA,NA
"14","s015","S509","S509","no","WGS-15","",25581201,11433624,0.447,2206,"",0.062732688,0.015014562,0.110648746,0.811604004,"S509","S509","OF509","YES","Y","Experiment",NA,"OF509","OF509","OF509, S509","S509,15-509","","SR","H","N",25.139367,-80.294017,"2015 batch","Margaret Miller","Yes","Kenkel, 2020","","Imhof, 2020","",NA,NA,NA
"15","s016","OF656","OF656","no","WGS-154","",26026614,21552521,0.828,540,"x",0.061224281,0.008525236,0.044944555,0.885305927,"OF656","OF656","BP4","YES","Y","Experiment",NA,"OF656","OF656","OF656","BP4","","","","N",NA,NA,"","","","","","","",NA,NA,NA
"16","s016","OF656","OF656","no","WGS-154","",26026614,21552521,0.828,540,"x",0.061224281,0.008525236,0.044944555,0.885305927,"OF656","OF656","OF656","YES","Y","Ex situ","Y","OF656","OF656","OF656","BP4","","","","N",NA,NA,"","","","","","","",NA,NA,NA
"17","s017","OF758","OF758","no","WGS-17","",24782166,16854720,0.68,883,"",0.020163566,0.003724409,0.021722572,0.954389452,"OF758","OF758","15-338,S338","YES","Y","Experiment",NA,"OF758","OF758","15-338,S338","15-338","","SR","","N",NA,NA,"2015","","","","","","",NA,NA,NA
"18","s018","OF1","OF1","no","WGS-18","",24500744,18511451,0.756,685,"",0.045339628,0.00689331,0.053052048,0.894715014,"OF1","OF1","F1","YES","Y","Experiment",NA,"OF1","OF1","F1","F1","","COO","KWN","N",24.55107,-81.80805,"2010-2017","Mote","Yes","Kenkel, 2018","F32, X-11","Imhof, 2018","",2018,2018,2018
"19","s019","S31","S31","no","WGS-19","",24386411,8314031,0.341,3333,"",0.030682511,0.006562578,0.062866275,0.899888636,"S31","S31","OF748,15-31","YES","Y","Experiment",NA,"OF748","S31","OF748,15-31","S31","","SR","","N",NA,NA,"2015","","","","","","",NA,NA,NA
"20","s020","15-71","15-71","no","WGS-20","",25065122,7353428,0.293,3877,"",0.149628685,0.035203894,0.399522941,0.41564448,"1571","15-71","OF523","YES","Y","Experiment",NA,"OF523","OF523","15-71","15-71","","SR","H","N",25.139367,-80.294017,"2015 batch","Margaret Miller","","","","","",NA,NA,NA
"21","s021","OF232","OF232","no","WGS-21","",26907837,16798946,0.624,879,"",0.062974014,0.011219916,0.110679688,0.815126382,"OF232","OF232","S771,15-232","YES","Y","Experiment",NA,"OF232","OF232","S771,15-232","S771","","SR","H","N",25.139367,-80.294017,"2015 batch","Margaret Miller","Yes","Kenkel, 2020","S395","Imhof, 2020","S395, S641",NA,NA,NA
"22","s022","OF434","OF434","no","WGS-22","",25174675,15974479,0.635,1028,"",0.078021985,0.012957972,0.069291952,0.839728091,"OF434","OF434","S423, S437, 15-434","YES","Y","Experiment",NA,"OF434","OF434","S423, S437, 15-434","S437","","SR","H","N",25.139367,-80.294017,"2015 batch","Margaret Miller","Yes","Kenkel, 2020","S-437 (?)","Imhof, 2020","",NA,NA,NA
"23","s023","OF22","OF22","no","WGS-23","",25116195,7892961,0.314,3467,"",0.073612626,0.012391119,0.197870468,0.716125787,"OF22","OF22","F22","YES","Y","Experiment",NA,"OF22","OF22","F22","F22","","COO","KWN","N",24.55107,-81.80805,"2010-2017","Mote","Yes","","","Imhof, 2021","",NA,NA,NA
"24","s024","15-350","15-350","no","WGS-24","",26028876,19006396,0.73,724,"",0.061268651,0.010072908,0.06366151,0.864996932,"15350","15-350","OF350,S350","YES","Y","Experiment",NA,"OF350","15-350","OF350,S350","15-350","","SR","H","N",25.139367,-80.294017,"2015 batch","Margaret Miller","","","","","",NA,NA,NA
"25","s025","OF701","OF701","no","WGS-25","",26749521,16594225,0.62,962,"",0.12054271,0.069656287,0.224270648,0.585530356,"OF701","OF701","15-31,S31","YES","Y","Experiment",NA,"OF701","OF701","15-31,S31","15-31","","SR","H","Y",25.139367,-80.294017,"2015","Margaret Miller","Yes","","","Imhof, 2020","R",NA,NA,NA
"26","s026","OF684","OF684","no","WGS-26","",24362732,9492579,0.39,3875,"",0.16059293,0.067186719,0.348991067,0.423229284,"OF684","OF684","15-181,S181","YES","Y","Experiment",NA,"OF684","OF684","15-181,S181","15-181","","SR","H","Y",25.139367,-80.294017,"2015","Margaret Miller","Yes","","","Imhof, 2020","15-386 A",NA,NA,NA
"27","s027","OF5","OF5","no","WGS-27","",25120802,18918386,0.753,971,"",0.016169976,0.002562259,0.01236356,0.968904205,"OF5","OF5","F5","YES","Y","Experiment",NA,"OF5","OF5","F5","F5","OF611, OF660","COO","KWN","N",24.55107,-81.80805,"2010-2017","Mote","Yes","Kenkel, 2018","S611","Imhof, 2018","F7, S611",2018,2018,2018
"28","s028","OF793","OF793","no","WGS-28","",19399521,10719912,0.553,3154,"",0.12450524,0.026583745,0.167475031,0.681435984,"OF793","OF793","","YES","Y","Experiment",NA,NA,NA,NA,NA,NA,NA,NA,NA,NA,NA,NA,NA,NA,NA,NA,NA,NA,NA,NA,NA
"29","s029","15-358","15-358","no","WGS-29","",22797232,6359796,0.279,4791,"",0.196378223,0.048482596,0.224137489,0.531001692,"15358","15-358","OF642","YES","Y","Experiment",NA,"OF642","15-358","OF642","S385","","SR","H","N",25.139367,-80.294017,"2015 batch","Margaret Miller","Yes","Kenkel, 2020","","","",NA,NA,NA
"30","s030","OF592","OF687","no","WGS-30","",21133994,11768120,0.557,2288,"",0.091203995,0.024503021,0.155953266,0.728339718,"OF592","OF592","15-592,S592","YES","Y","Experiment",NA,"OF592","OF592","15-592,S592","15-592","","SR","H","N",25.139367,-80.294017,"2015 batch","Margaret Miller","","","","","",NA,NA,NA
"31","s031","15-431","15-431","no","WGS-31","",19761108,11309894,0.572,2649,"",0.118484624,0.037697386,0.172876834,0.670941157,"15431","15-431","S431, OF431","YES","Y","Experiment",NA,"OF431","OF431","15-431","15-431","","SR","H","N",25.139367,-80.294017,"2015 batch","Margaret Miller","","","","","",NA,NA,NA
"32","s032","OF566","OF662","no","WGS-32","",27111915,20273728,0.748,808,"",0.10894416,0.021354911,0.143391747,0.726309182,"OF566","OF566","15-566,S566","YES","Y","Experiment",NA,"OF566","OF566","15-566,S566","15-566","","SR","H","N",25.139367,-80.294017,"2015 batch","Margaret Miller","","","","","",NA,NA,NA
"33","s033","OF569","OF677","no","WGS-33","",25479325,17666515,0.693,992,"",0.101461521,0.022197706,0.123980238,0.752360536,"OF569","OF569","15-11,S11","YES","Y","Experiment",NA,"OF569","OF569","15-11,S11","15-11","","SR","H","N",25.139367,-80.294017,"2015 batch","Margaret Miller","","","","","",NA,NA,NA
"34","s035","OF745","OF745","no","WGS-35","",19603998,12427078,0.634,1918,"",0.08927161,0.016578909,0.123434986,0.770714495,"OF745","OF745","15-199,S199","YES","Y","Experiment",NA,"OF745","OF745","15-199,S199","15-199","","SR","","N",NA,NA,"2015","","Yes","","","Imhof, 2020","",NA,NA,NA
"35","s036","GB29","GB29","no","WGS-36","",25675607,19162797,0.746,735,"",0.061604725,0.009149487,0.067631497,0.861614291,"GB29","GB29","","YES","N","Experiment",NA,NA,NA,NA,NA,NA,NA,NA,NA,NA,NA,NA,NA,NA,NA,NA,NA,NA,NA,NA,NA
"36","s037","OF680","OF680","no","WGS-37","",24785352,15597711,0.629,971,"",0.066793746,0.009115556,0.056834574,0.867256124,"OF680","OF680","15-120, S120","YES","Y","Experiment",NA,"OF680","OF680","15-120, S120","15-120","","SR","H","Y",25.139367,-80.294017,"2015","Margaret Miller","Yes","","","Imhof, 2020","S218",NA,NA,NA
"37","s038","OF705","OF705","no","WGS-38","",24842654,17849205,0.718,739,"",0.090178122,0.015045319,0.119275403,0.775501155,"OF705","OF705","15-315,S315","YES","Y","Experiment",NA,"OF705","OF705","15-315,S315","15-315","","SR","H","Y",25.139367,-80.294017,"2015","Margaret Miller","","","","","",NA,NA,NA
"38","s039","GB6","GB6","no","WGS-39","",24702523,17582095,0.712,1039,"",0.060215701,0.011062334,0.054170453,0.874551513,"GB6","GB6","","YES","N","Experiment",NA,NA,NA,NA,NA,NA,NA,NA,NA,NA,NA,NA,NA,NA,NA,NA,NA,NA,NA,NA,NA
"39","s040","OF125","OF125","no","WGS-154","",26281851,17142937,0.652,641,"x",0.051718684,0.008500829,0.066924501,0.872855985,"OF125","OF125","F125","YES","Y","Experiment",NA,"OF125","OF125","F125","F125","","COO","KWN","N",24.55107,-81.80805,"2010-2017","Mote","Yes","Kenkel, 2018","","Imhof, 2018","",2018,2018,2018
"40","s041","AE5","AE5","no","WGS-130","",28713380,21957800,0.765,600,"",0.053808809,0.008051243,0.056326285,0.881813664,"AE5","AE5","","YES","N","Experiment",NA,NA,NA,NA,NA,NA,NA,NA,NA,NA,NA,NA,NA,NA,NA,NA,NA,NA,NA,NA,NA
"41","s042","GB8","GB8","no","WGS-42","",27212395,13758500,0.506,1289,"",0.115544468,0.014471293,0.100355382,0.769628856,"GB8","GB8","","YES","N","Experiment",NA,NA,NA,NA,NA,NA,NA,NA,NA,NA,NA,NA,NA,NA,NA,NA,NA,NA,NA,NA,NA
"42","s043","GB24","GB24","no","WGS-43","",25857916,6722310,0.26,3865,"",0.090373856,0.011688424,0.048862601,0.849075118,"GB24","GB24","","YES","N","Experiment",NA,NA,NA,NA,NA,NA,NA,NA,NA,NA,NA,NA,NA,NA,NA,NA,NA,NA,NA,NA,NA
"43","s044","GB7","GB7","no","WGS-154","",28457391,21677067,0.762,497,"x",0.090286764,0.011931182,0.072904584,0.82487747,"GB7","GB7","","YES","N","Experiment",NA,NA,NA,NA,NA,NA,NA,NA,NA,NA,NA,NA,NA,NA,NA,NA,NA,NA,NA,NA,NA
"44","s045","OF464","OF464","no","WGS-45","",27815296,2630529,0.095,5052,"y",0.104575114,0.015595939,0.318321798,0.56150715,"OF464","OF464","S464,15-464","YES","Y","Experiment",NA,"OF464","OF464","S464,15-464","S464","","SR","H","N",25.139367,-80.294017,"2015 batch","Margaret Miller","","","","","",NA,NA,NA
"45","s046","OF700","OF700","no","WGS-46","",20448667,16314006,0.798,1198,"",0.08234219,0.012897483,0.088033371,0.816726956,"OF700","OF700","15-93, S93","YES","Y","Experiment",NA,"OF700","OF700","OF700","15-93","","SR","H","Y",25.139367,-80.294017,"2015","Margaret Miller","Yes","","","Imhof, 2020","R",NA,NA,NA
"46","s046","OF700","OF700","no","WGS-46","",20448667,16314006,0.798,1198,"",0.08234219,0.012897483,0.088033371,0.816726956,"OF700","OF700","OF700","YES","Y","Ex situ","Y","OF700","OF700","OF700","15-93","","SR","H","Y",25.139367,-80.294017,"2015","Margaret Miller","Yes","","","Imhof, 2020","R",NA,NA,NA
"47","s047","UK 36","UK 36","no","WGS-47","",22329350,14715424,0.659,1333,"",0.146850691,0.577795152,0.198824558,0.076529598,"UK36","UK 36","","YES","N","Experiment",NA,NA,NA,NA,NA,NA,NA,NA,NA,NA,NA,NA,NA,NA,NA,NA,NA,NA,NA,NA,NA
"48","s048","OF263","OF263","no","WGS-48","",19510706,15084478,0.773,1337,"",0.055882938,0.009541885,0.06010745,0.874467727,"OF263","OF263","15-263, S263","YES","Y","Experiment",NA,"OF263","OF263","15-263, S263","15-263","","SR","H","N",25.139367,-80.294017,"2015 batch","Margaret Miller","","","","","",NA,NA,NA
"49","s049","OF416","OF416","no","WGS-49","",26113998,17324087,0.663,1093,"",0.111532899,0.026838501,0.158994726,0.702633874,"OF416","OF416","15-416,S416","YES","Y","Experiment",NA,"OF416","OF416","15-416,S416","15-416,F416","","SR","H","N",25.139367,-80.294017,"2015 batch","Margaret Miller","Yes","","","Imhof, 2020","",NA,NA,NA
"50","s050","OF126","OF126","no","WGS-50","",24525263,5101247,0.208,5579,"",0.14752555,0.057789968,0.241090261,0.553594221,"OF126","OF126","F126","YES","Y","Experiment",NA,"OF126","OF126","F126","F126","","COO","KWN","N",24.55107,-81.80805,"2010-2017","Mote","Yes","Kenkel, 2018","","Imhof, 2018","",2018,2018,2018
"51","s051","OF649","OF649","no","WGS-51","",26254692,10245328,0.39,2648,"",0.16657595,0.025368376,0.135404922,0.672650752,"OF649","OF649","M459","YES","Y","Experiment",NA,"OF649","OF649","M459","M459","","SR","","N",NA,NA,"","","","","","","",NA,NA,NA
"52","s052","OF687","OF687","no","WGS-52","",24342148,9346901,0.384,3073,"",0.108304026,0.02359877,0.341358161,0.526739043,"OF687","OF687","15-102, S102","YES","Y","Experiment",NA,"OF687","OF687","OF687","15-102","","SR","H","Y",25.139367,-80.294017,"2015","Margaret Miller","Yes","","","Imhof, 2020","U",NA,NA,NA
"53","s052","OF687","OF687","no","WGS-52","",24342148,9346901,0.384,3073,"",0.108304026,0.02359877,0.341358161,0.526739043,"OF687","OF687","OF687","YES","Y","Ex situ","Y","OF687","OF687","OF687","15-102","","SR","H","Y",25.139367,-80.294017,"2015","Margaret Miller","Yes","","","Imhof, 2020","U",NA,NA,NA
"54","s053","OF2","OF2","no","WGS-53","",24793932,14023303,0.566,7901,"",0.050468529,0.016646463,0.045530448,0.88735456,"1OF2","OF2","OF2","YES","Y","Ex situ","Y","OF2","F-1-A","OF 2","F1A","","COO","KWN","N",24.55107,-81.80805,"2010-2017","Mote","Yes","Kenkel, 2018","","Imhof, 2018","",2018,2018,2018
"55","s054","1-OF-4","1-OF-4","no","WGS-54","",19635726,15215833,0.775,1365,"",0.143181905,0.029127542,0.184071469,0.643619084,"1OF4","1-OF-4","OF4","YES","Y","Experiment",NA,"OF4","1-OF-4","F4A,F4B","F4A,F4B","","COO","KWN","N",24.55107,-81.80805,"2010-2017","Mote","","","","","",NA,NA,NA
"56","s055","OF608","OF693","no","WGS-72","",25979695,18551359,0.714,906,"x",0.061245466,0.012561959,0.072538381,0.853654193,"OF608","OF608","S608,15-608","YES","Y","Experiment",NA,"OF608","OF608","S608,15-608","S608","","SR","H","N",25.139367,-80.294017,"2015 batch","Margaret Miller","","","","","",NA,NA,NA
"57","s056","OF354","OF354","no","WGS-56","",24515031,16290786,0.665,956,"",0.101570359,0.020748704,0.125985794,0.751695143,"OF354","OF354","15-17, S17","YES","Y","Experiment",NA,"OF354","OF354","15-17, S17","15-17","","SR","H","N",25.139367,-80.294017,"2015 batch","Margaret Miller","","","","","",NA,NA,NA
"58","s057","OF76","OF76_wgs_1","yes","WGS-57","",24553096,15105837,0.615,1817,"x",0.113048559,0.020638487,0.135420773,0.730892181,"OF76","OF76","F76","YES","Y","Experiment",NA,"OF76","OF76","F76","F76","","COO","KWN","N",24.55107,-81.80805,"2010-2017","Mote","","","","","",NA,NA,NA
"59","s058","OF3","OF3","no","WGS-58","",25653466,4302407,0.168,5650,"",0.098576137,0.01269757,0.135600464,0.75312583,"OF3","OF3","F3A","YES","Y","Experiment",NA,"OF3","OF3","F3A","F3A","","COO","KWN","N",24.55107,-81.80805,"2010-2017","Mote","Yes","Kenkel, 2018","","Imhof, 2018","R",2018,2018,2018
"60","s059","F7","F7","no","WGS-59","",25889437,5480508,0.212,5182,"",0.065150318,0.007481685,0.078798979,0.848569018,"F7","F7","F5B","YES","Y","Experiment",NA,"OF7","F7","F5B","F5B","","COO","KWN","N",24.55107,-81.80805,"2010-2017","Mote","","","","","",2018,2018,2018
"61","s060","S335","S335","no","WGS-60","",24545365,8856509,0.361,3324,"",0.098649943,0.019870511,0.122248352,0.759231194,"S335","S335","OF335,15-335","YES","Y","Experiment",NA,"OF335","S335","OF335,15-335","S335,15-335","","SR","H","N",25.139367,-80.294017,"2015 batch","Margaret Miller","Yes","Kenkel, 2020","","Imhof, 2020/21","",NA,NA,NA
"62","s061","OF483","OF483","no","WGS-61","",26737680,17525835,0.655,897,"",0.046317747,0.007528632,0.051288805,0.894864816,"S483","OF483","OF483","YES","Y","Ex situ","Y","OF483","OF483","OF483","S483","","SR","H","N",25.139367,-80.294017,"2015 batch","Margaret Miller","Yes","Kenkel, 2020","","Imhof, 2020","",NA,2020,2020
"63","s062","GB3","GB3","no","WGS-62","",26583430,21692712,0.816,757,"",0.090038212,0.015634899,0.095239842,0.799087047,"GB3","GB3","","YES","N","Experiment",NA,NA,NA,NA,NA,NA,NA,NA,NA,NA,NA,NA,NA,NA,NA,NA,NA,NA,NA,NA,NA
"64","s063","OF46","OF46","no","WGS-63","",24697720,6701417,0.271,4436,"",0.077837603,0.009253148,0.053538862,0.859370386,"OF46","OF46","F46","YES","Y","Experiment",NA,"OF46","OF46","F46","F46","","COO","KWN","N",24.55107,-81.80805,"2010-2017","Mote","Yes","","","Imhof, 2021","R",NA,NA,NA
"65","s064","GB27","GB27","no","WGS-64","",26633402,8652428,0.325,3298,"",0.057557752,0.010268099,0.044741705,0.887432445,"GB27","GB27","","YES","N","Experiment",NA,NA,NA,NA,NA,NA,NA,NA,NA,NA,NA,NA,NA,NA,NA,NA,NA,NA,NA,NA,NA
"66","s065","M35","M35","no","WGS-154","",26711084,21794551,0.816,508,"x",0.122943188,0.015903477,0.114796694,0.746356641,"M35","M35","","YES","N","Experiment",NA,NA,NA,NA,NA,NA,NA,NA,NA,NA,NA,NA,NA,NA,NA,NA,NA,NA,NA,NA,NA
"67","s066","M14","M14","no","WGS-66","",25770536,18935065,0.735,797,"x",0.050433876,0.005964828,0.051415169,0.892186127,"M14","M14","","YES","N","Experiment",NA,NA,NA,NA,NA,NA,NA,NA,NA,NA,NA,NA,NA,NA,NA,NA,NA,NA,NA,NA,NA
"68","s067","OF97","OF97","no","WGS-67","",26569985,20667225,0.778,765,"",0.062724518,0.007039882,0.052534775,0.877700824,"OF97","OF97","","YES","Y","Experiment",NA,"OF97","OF97","","NONE","","COO","Wonderland2","Y",24.55994,-81.50162,"12.15.2020","Mote","","","","","",NA,NA,NA
"69","s068","M36","M36","no","WGS-68","",25762604,17587728,0.683,873,"",0.088364192,0.010529269,0.116897326,0.784209214,"M36","M36","","YES","N","Experiment",NA,NA,NA,NA,NA,NA,NA,NA,NA,NA,NA,NA,NA,NA,NA,NA,NA,NA,NA,NA,NA
"70","s069","M16","M16","no","WGS-69","",28821577,23813942,0.826,584,"",0.150103449,0.017364774,0.144102051,0.688429726,"M16","M16","","YES","N","Experiment",NA,NA,NA,NA,NA,NA,NA,NA,NA,NA,NA,NA,NA,NA,NA,NA,NA,NA,NA,NA,NA
"71","s070","M3","M3","no","WGS-70","",19188777,13754696,0.717,1940,"",0.135412521,0.026529823,0.179873657,0.658183999,"M3","M3","","YES","N","Experiment",NA,NA,NA,NA,NA,NA,NA,NA,NA,NA,NA,NA,NA,NA,NA,NA,NA,NA,NA,NA,NA
"72","s071","M17","M17","no","WGS-71","",19413289,13969505,0.72,1376,"",0.07182664,0.010185603,0.074286916,0.84370084,"M17","M17","","YES","N","Experiment",NA,NA,NA,NA,NA,NA,NA,NA,NA,NA,NA,NA,NA,NA,NA,NA,NA,NA,NA,NA,NA
"73","s072","M21","M21","no","WGS-72","",28038049,19404666,0.692,787,"x",0.047747109,0.008064503,0.076251564,0.867936824,"M21","M21","","YES","N","Experiment",NA,NA,NA,NA,NA,NA,NA,NA,NA,NA,NA,NA,NA,NA,NA,NA,NA,NA,NA,NA,NA
"74","s073","M32","M32","no","WGS-73","",20673600,14444800,0.699,1268,"",0.066101233,0.013480917,0.078942981,0.84147487,"M32","M32","","YES","N","Experiment",NA,NA,NA,NA,NA,NA,NA,NA,NA,NA,NA,NA,NA,NA,NA,NA,NA,NA,NA,NA,NA
"75","s074","M26","M26","no","WGS-74","",24434674,13196358,0.54,2531,"",0.097277521,0.016204262,0.113474361,0.773043856,"M26","M26","","YES","N","Experiment",NA,NA,NA,NA,NA,NA,NA,NA,NA,NA,NA,NA,NA,NA,NA,NA,NA,NA,NA,NA,NA
"76","s075","M28","M28","no","WGS-154","",27362488,20801165,0.76,611,"x",0.121232214,0.016699257,0.133784109,0.72828442,"M28","M28","","YES","N","Experiment",NA,NA,NA,NA,NA,NA,NA,NA,NA,NA,NA,NA,NA,NA,NA,NA,NA,NA,NA,NA,NA
"77","s076","OF101","OF101","no","WGS-76","",26672251,20813581,0.78,756,"",0.138425907,0.022280255,0.162088707,0.677205131,"OF101","OF101","","YES","Y","Experiment",NA,NA,NA,NA,NA,NA,NA,NA,NA,NA,NA,NA,NA,NA,NA,NA,NA,NA,NA,NA,NA
"78","s077","S378","S378","no","WGS-77","",25881213,10370725,0.401,2021,"",0.064095205,0.009282855,0.055265708,0.871356233,"S378","S378","OF378","YES","Y","Experiment",NA,"OF378","S378","OF378","S378","OF694_4.2020","SR","H","N",25.139367,-80.294017,"2015 batch","Margaret Miller","Yes","Kenkel, 2020","","Imhof, 2020","15-327_4.2020",NA,NA,NA
"79","s078","GB2","GB2","no","WGS-135","",26171115,19771017,0.755,737,"",0.056104667,0.009291208,0.050518435,0.88408569,"GB2","GB2","","YES","N","Experiment",NA,NA,NA,NA,NA,NA,NA,NA,NA,NA,NA,NA,NA,NA,NA,NA,NA,NA,NA,NA,NA
"80","s079","GB31","GB31","no","WGS-79","",27696744,17733655,0.64,865,"",0.067956754,0.01010984,0.077712922,0.844220484,"GB31","GB31","","YES","N","Experiment",NA,NA,NA,NA,NA,NA,NA,NA,NA,NA,NA,NA,NA,NA,NA,NA,NA,NA,NA,NA,NA
"81","s080","F-1-A","F-1-A","no","WGS-80","",25059580,19749602,0.788,790,"",0.048868315,0.006614234,0.041297279,0.903220171,"F1A","F-1-A","OF 2","YES","Y","Experiment",NA,"OF2","F-1-A","OF 2","F1A","","COO","KWN","N",24.55107,-81.80805,"2010-2017","Mote","Yes","Kenkel, 2018","","Imhof, 2018","",2018,2018,2018
"82","s081","OF23","OF23","no","WGS-154","",25868102,20869479,0.807,592,"x",0.041220518,0.006216001,0.037491227,0.915072254,"OF23","OF23","F23","YES","Y","Experiment",NA,"OF23","OF23","F23","F23","","COO","KWN","N",24.55107,-81.80805,"2010-2017","Mote","","","","","",NA,NA,NA
"83","s082","GB12","GB12","no","WGS-154","",27595990,20785444,0.753,580,"x",0.111824401,0.017624668,0.134530932,0.73602,"GB12","GB12","","YES","N","Experiment",NA,NA,NA,NA,NA,NA,NA,NA,NA,NA,NA,NA,NA,NA,NA,NA,NA,NA,NA,NA,NA
"84","s083","AE10","AE10","no","WGS-83","",19691251,9116994,0.463,35110,"",0.064015957,0.02278655,0.039649199,0.873548293,"AE10","AE10","","YES","N","Experiment",NA,NA,NA,NA,NA,NA,NA,NA,NA,NA,NA,NA,NA,NA,NA,NA,NA,NA,NA,NA,NA
"85","s084","OF56","OF657","no","WGS-84","",26256106,10148188,0.387,2398,"",0.056667217,0.010320735,0.110583705,0.822428344,"OF56","OF56","","YES","Y","Experiment",NA,"OF56","OF56","","","","COO","KWN","N",24.55107,-81.80805,"2010-2017","Mote","","","","","",NA,NA,NA
"86","s085","15-349","15-349","no","WGS-85","",26024690,10563977,0.406,2241,"",0.08405783,0.014770679,0.124263032,0.776908459,"15349","15-349","OF349, S349","YES","Y","Experiment",NA,"OF349","15-349","OF349, S349","15-349","","SR","H","N",25.139367,-80.294017,"2015 batch","Margaret Miller","","","","","",NA,NA,NA
"87","s086","OF635","OF635","no","WGS-86","",28915080,18470240,0.639,839,"",0.076457289,0.013796562,0.150850226,0.758895923,"OF635","OF635","S635,15-635","YES","Y","Experiment",NA,"OF635","OF635","S635,15-635","S635,F635","OF420","SR","H","N",25.139367,-80.294017,"2015 batch","Margaret Miller","Yes","Kenkel, 2020","S420","Imhof, 2020","S420",NA,2020,2020
"88","s087","GB13","GB13","no","WGS-137","",27072411,21531889,0.795,729,"",0.057828245,0.008835933,0.063849835,0.869485987,"GB13","GB13","","YES","N","Experiment",NA,NA,NA,NA,NA,NA,NA,NA,NA,NA,NA,NA,NA,NA,NA,NA,NA,NA,NA,NA,NA
"89","s088","F12","F12","no","WGS-12","",26739426,21190829,0.792,756,"",0.057071694,0.008040638,0.05460068,0.880286988,"F12","F12","OF12","YES","Y","Experiment",NA,"OF12","F12","OF12","F12","OF27","COO","KWN","N",24.55107,-81.80805,"2010-2017","Mote","Yes","Kenkel, 2018","F27","Imhof, 2018","F27",2018,2018,2018
"90","s089","OF554","OF654","no","WGS-89","",19159488,10886349,0.568,2393,"",0.074284534,0.010402089,0.194061182,0.721252195,"OF554","OF554","S554,15-554","YES","Y","Experiment",NA,"OF554","OF554","S554,15-554","S554,15-554","","SR","H","N",25.139367,-80.294017,"2015 batch","Margaret Miller","","","","","",NA,NA,NA
"91","s090","GB21","GB21","no","WGS-90","",27282941,12685388,0.465,1729,"",0.054191564,0.007955935,0.049689385,0.888163116,"GB21","GB21","","YES","N","Experiment",NA,NA,NA,NA,NA,NA,NA,NA,NA,NA,NA,NA,NA,NA,NA,NA,NA,NA,NA,NA,NA
"92","s091","GB14","GB14_wgs_1","yes","WGS-91","",26439780,7099480,0.269,4041,"x",0.125443063,0.014452598,0.079171035,0.780933303,"GB14","GB14","","YES","N","Experiment",NA,NA,NA,NA,NA,NA,NA,NA,NA,NA,NA,NA,NA,NA,NA,NA,NA,NA,NA,NA,NA
"93","s092","OF457","OF457","no","WGS-92","",19458483,10014233,0.515,2587,"",0.057044609,0.010083272,0.156799164,0.776072956,"OF457","OF457","15-457,S457","YES","Y","Experiment",NA,"OF457","OF457","OF457","15-457","","SR","H","Y",25.139367,-80.294017,"2015 batch","Margaret Miller","","","","Imhof, 2020","",NA,NA,NA
"94","s092","OF457","OF457","no","WGS-92","",19458483,10014233,0.515,2587,"",0.057044609,0.010083272,0.156799164,0.776072956,"OF457","OF457","OF457","YES","Y","Ex situ","Y","OF457","OF457","OF457","15-457","","SR","H","Y",25.139367,-80.294017,"2015 batch","Margaret Miller","","","","Imhof, 2020","",NA,NA,NA
"95","s093","GB26","GB26","no","WGS-93","",20796685,10838362,0.521,2374,"",0.078215819,0.013838861,0.106128534,0.801816787,"GB26","GB26","","YES","N","Experiment",NA,NA,NA,NA,NA,NA,NA,NA,NA,NA,NA,NA,NA,NA,NA,NA,NA,NA,NA,NA,NA
"96","s094","OF200","OF200","no","WGS-94","",28902594,19196980,0.664,789,"",0.094473692,0.01275684,0.11326839,0.779501078,"OF200","OF200","M115","YES","Y","Experiment",NA,"OF200","OF200","M115","M115","","SR","H","N",25.139367,-80.294017,"2015 batch","Margaret Miller","Yes","Kenkel, 2020","","Imhof, 2020","",NA,2020,2020
"97","s095","OF509","OF509","no","WGS-95","",25823278,11449484,0.443,2299,"",0.07942582,0.01733319,0.20775035,0.69549064,"S509","OF509","OF509, S509","YES","Y","Ex situ","Y","OF509","OF509","OF509, S509","S509,15-509","","SR","H","N",25.139367,-80.294017,"2015 batch","Margaret Miller","Yes","Kenkel, 2020","","Imhof, 2020","",NA,NA,NA
"98","s096","OF453","OF453","no","WGS-96","",26631561,20819534,0.782,756,"",0.117935654,0.032453978,0.093468038,0.756142331,"OF453","OF453","15-45, S45","YES","Y","Experiment",NA,"OF453","OF453","15-45, S45","15-45","","SR","H","N",25.139367,-80.294017,"2015 batch","Margaret Miller","","","","","",NA,NA,NA
"99","s097","15-155","15-155","no","WGS-97","",25318967,11690937,0.462,1942,"",0.081343917,0.011301938,0.123063464,0.784290681,"15155","15-155","OF304, S155","YES","Y","Experiment",NA,"OF304","15-155","OF304, S155","15-155","","SR","H","N",25.139367,-80.294017,"2015 batch","Margaret Miller","","","","","",NA,NA,NA
"100","s098","OF677","OF677","no","WGS-98","",20693463,15679687,0.758,1186,"",0.098776154,0.015757267,0.105798794,0.779667785,"OF677","OF677","15-26,S26","YES","Y","Experiment",NA,"OF677","OF677","15-26,S26","15-26","","SR","H","N",25.139367,-80.294017,"2015","Margaret Miller","Yes","","","Imhof, 2020","R",NA,NA,NA
"101","s099","OF373","OF373","no","WGS-99","",25819395,17209955,0.667,20121,"",0.19787519,0.032270443,0.247476348,0.522378019,"OF373wgs","OF373","","YES","",NA,"",NA,NA,NA,NA,NA,NA,NA,NA,NA,NA,NA,NA,NA,NA,NA,NA,NA,NA,NA,NA
"102","s100","15-111","15-111","no","WGS-100","",26366235,20565702,0.78,792,"",0.060086443,0.009990292,0.06544836,0.864474904,"15111","15-111","OF259","YES","Y","Experiment",NA,"OF259","15-111","OF259","15-111","","SR","H","N",25.139367,-80.294017,"2015 batch","Margaret Miller","","","","","",NA,NA,NA
"103","s101","OF602","OF689","no","WGS-101","",28917150,23422132,0.81,572,"",0.068425846,0.017315435,0.079638063,0.834620656,"OF602","OF602","15-602, S602","YES","Y","Experiment",NA,"OF602","OF602","15-602, S602","15-602","","SR","H","N",25.139367,-80.294017,"2015 batch","Margaret Miller","","","","","",NA,NA,NA
"104","s102","OF679","OF679","no","WGS-102","",24529500,19812354,0.808,692,"",0.035367318,0.005706164,0.035180668,0.92374585,"OF679","OF679","17-76,S76","YES","Y","Experiment",NA,"OF679","OF679","OF679","15-76","","SR","H","Y",25.139367,-80.294017,"2015","Margaret Miller","Yes","","","Imhof, 2020","R",NA,NA,NA
"105","s102","OF679","OF679","no","WGS-102","",24529500,19812354,0.808,692,"",0.035367318,0.005706164,0.035180668,0.92374585,"OF679","OF679","OF679","YES","Y","Ex situ","Y","OF679","OF679","OF679","15-76","","SR","H","Y",25.139367,-80.294017,"2015","Margaret Miller","Yes","","","Imhof, 2020","R",NA,NA,NA
"106","s103","OF696","OF696","no","WGS-103","",25632545,20646747,0.805,748,"",0.045782882,0.007046622,0.041924609,0.905245887,"OF696","OF696","15-425, S425","YES","Y","Experiment",NA,"OF696","OF696","OF696","15-425","","SR","H","Y",25.139367,-80.294017,"2015","Margaret Miller","Yes","","","Imhof, 2020","",NA,NA,NA
"107","s103","OF696","OF696","no","WGS-103","",25632545,20646747,0.805,748,"",0.045782882,0.007046622,0.041924609,0.905245887,"OF696","OF696","OF696","YES","Y","Ex situ","Y","OF696","OF696","OF696","15-425","","SR","H","Y",25.139367,-80.294017,"2015","Margaret Miller","Yes","","","Imhof, 2020","",NA,NA,NA
"108","s104","OF628","OF628","no","WGS-104","",25204447,18814825,0.746,733,"",0.066995917,0.011036481,0.08935862,0.832608982,"OF628","OF628","S437,15-437","YES","Y","Experiment",NA,"OF628","OF628","S437,15-437","S437,15-437","","SR","H","N",25.139367,-80.294017,"2015 batch","Margaret Miller","","","","","",NA,NA,NA
"109","s105","GB28","GB28","no","WGS-105","",19727788,6161000,0.312,4546,"",0.173647278,0.023015986,0.165415283,0.637921454,"GB28","GB28","","YES","N","Experiment",NA,NA,NA,NA,NA,NA,NA,NA,NA,NA,NA,NA,NA,NA,NA,NA,NA,NA,NA,NA,NA
"110","s106","GB25","GB25","no","WGS-106","",28068398,17524695,0.624,819,"",0.003467499,0.001148047,0.003324163,0.992060291,"GB25","GB25","","YES","N","Experiment",NA,NA,NA,NA,NA,NA,NA,NA,NA,NA,NA,NA,NA,NA,NA,NA,NA,NA,NA,NA,NA
"111","s107","GB23","GB23","no","WGS-107","",26637253,17007330,0.638,1001,"",0.004237414,0.001219287,0.003717416,0.990825882,"GB23","GB23","","YES","N","Experiment",NA,NA,NA,NA,NA,NA,NA,NA,NA,NA,NA,NA,NA,NA,NA,NA,NA,NA,NA,NA,NA
"112","s108","GB15","GB15","no","WGS-108","",24339542,20105567,0.826,824,"",0.034726205,0.004581245,0.026859566,0.933832984,"GB15","GB15","","YES","N","Experiment",NA,NA,NA,NA,NA,NA,NA,NA,NA,NA,NA,NA,NA,NA,NA,NA,NA,NA,NA,NA,NA
"113","s109","M27","M27","no","WGS-109","",24392690,18371865,0.753,715,"",0.106953515,0.015456406,0.119574378,0.758015701,"M27","M27","","YES","N","Experiment",NA,NA,NA,NA,NA,NA,NA,NA,NA,NA,NA,NA,NA,NA,NA,NA,NA,NA,NA,NA,NA
"114","s110","M18","M18","no","WGS-110","",25816830,18432196,0.714,825,"",0.004355206,0.001229004,0.003495704,0.990920086,"M18","M18","OF646","YES","N","Experiment",NA,NA,NA,NA,NA,NA,NA,NA,NA,NA,NA,NA,NA,NA,NA,NA,NA,NA,NA,NA,NA
"115","s111","M29","M29","no","WGS-111","",25356359,17726200,0.699,815,"",0.00516139,0.001356941,0.004799239,0.98868243,"M29","M29","","YES","N","Experiment",NA,NA,NA,NA,NA,NA,NA,NA,NA,NA,NA,NA,NA,NA,NA,NA,NA,NA,NA,NA,NA
"116","s112","S503","S503","no","WGS-112","",24828284,19527176,0.786,656,"",0.057973349,0.007846351,0.141442085,0.792738215,"S503","S503","OF503","YES","Y","Experiment",NA,"OF503","S503","OF503","S503","","SR","H","N",25.139367,-80.294017,"2015 batch","Margaret Miller","Yes","Kenkel, 2020","","Imhof, 2020","",NA,NA,NA
"117","s113","S373","S373","no","WGS-113","",25668465,18700996,0.729,868,"",0.006783937,0.001610236,0.006416829,0.985188998,"S373","S373","OF373","YES","Y","Experiment",NA,"OF373","S373","OF373","S373","","SR","H","N",25.139367,-80.294017,"2015 batch","Margaret Miller","Yes","Kenkel, 2020","","Imhof, 2020","",NA,NA,NA
"118","s114","S575","S575","no","WGS-114","",20640900,16459032,0.797,939,"",0.044034812,0.006086292,0.050594683,0.899284214,"S575","S575","OF575","YES","Y","Experiment",NA,"OF575","S575","OF575","S575","","SR","H","N",25.139367,-80.294017,"2015 batch","Margaret Miller","Yes","Kenkel, 2020","","Imhof, 2020","",NA,2020,2020
"119","s115","AE3","AE3","no","WGS-115","",19443213,1952512,0.1,3927,"y",0.035770503,0.013128954,0.116707052,0.834393491,"AE3","AE3","","YES","N","Experiment",NA,NA,NA,NA,NA,NA,NA,NA,NA,NA,NA,NA,NA,NA,NA,NA,NA,NA,NA,NA,NA
"120","s116","M13","M13","no","WGS-116","",27154103,17465277,0.643,912,"",0.006240271,0.00139228,0.006703614,0.985663835,"M13","M13","","YES","N","Experiment",NA,NA,NA,NA,NA,NA,NA,NA,NA,NA,NA,NA,NA,NA,NA,NA,NA,NA,NA,NA,NA
"121","s117","M20","M20","no","WGS-117","",25832058,19557914,0.757,705,"",0.005606992,0.001286746,0.004256778,0.988849485,"M20","M20","","YES","N","Experiment",NA,NA,NA,NA,NA,NA,NA,NA,NA,NA,NA,NA,NA,NA,NA,NA,NA,NA,NA,NA,NA
"122","s118","OF96","OF96","no","WGS-118","",20452743,16643630,0.814,1187,"",0.012208029,0.626590681,0.010038494,0.351162796,"OF96","OF96","","YES","Y","Experiment",NA,"OF96","OF96","","NONE","","COO","Birthday","Y",24.57888,-81.49728,"12.14.2020","Mote","","","","","",NA,NA,NA
"123","s119","S439","S439","no","WGS-119","",28483641,16921740,0.594,805,"",0.003666582,0.000990102,0.003568641,0.991774675,"S439","S439","OF439","YES","Y","Experiment",NA,"OF439","S439","OF439","S439","","SR","H","N",25.139367,-80.294017,"2015 batch","Margaret Miller","","","","","",NA,NA,NA
"124","s120","UK25","UK25","no","WGS-120","",24286852,17676975,0.728,852,"",0.063302006,0.009798872,0.06971432,0.857184803,"UK25","UK25","","YES","N","Experiment",NA,NA,NA,NA,NA,NA,NA,NA,NA,NA,NA,NA,NA,NA,NA,NA,NA,NA,NA,NA,NA
"125","s121","OF11","OF11","no","WGS-121","",20445574,14490859,0.709,1286,"",0.006137699,0.001193899,0.005644268,0.987024134,"OF11","OF11","X11","YES","Y","Experiment",NA,"OF11","OF11","X11","X11","OF32","COO","KWN","N",24.55107,-81.80805,"2010-2017","Mote","Yes","Kenkel, 2018","F1, F32","Imhof, 2018","",2018,2018,2018
"126","s122","OF662","OF662","no","WGS-122","",19402705,14440472,0.744,1328,"",0.008942635,0.001441874,0.010597018,0.979018474,"OF662","OF662","S648, 15-648","YES","Y","Experiment",NA,"OF662","OF662","S59","S648","","SR","H","N",25.139367,-80.294017,"2015","Margaret Miller","","","","","",NA,NA,NA
"127","s123","M4","M4","no","WGS-123","",26526136,17458858,0.658,1019,"",0.00730284,0.00123098,0.00746609,0.984000091,"M4","M4","","YES","N","Experiment",NA,NA,NA,NA,NA,NA,NA,NA,NA,NA,NA,NA,NA,NA,NA,NA,NA,NA,NA,NA,NA
"128","s124","1-OF-2","1-OF-2","no","WGS-124","",25906864,19076880,0.736,916,"",0.006158701,0.001108297,0.005212051,0.987520951,"1OF2","1-OF-2","OF2","YES","Y","Experiment",NA,"OF2","F-1-A","OF 2","F1A","","COO","KWN","N",24.55107,-81.80805,"2010-2017","Mote","Yes","Kenkel, 2018","","Imhof, 2018","",2018,2018,2018
"129","s125","OF443","OF443","no","WGS-125","",26405304,17930691,0.679,852,"",0.006990932,0.00127662,0.022033906,0.969698541,"OF443","OF443","","YES","Y","Experiment",NA,"OF443","OF443","OF443","S389","","SR","H","N",25.139367,-80.294017,"2015 batch","Margaret Miller","","","","","",NA,NA,NA
"130","s125","OF443","OF443","no","WGS-125","",26405304,17930691,0.679,852,"",0.006990932,0.00127662,0.022033906,0.969698541,"OF443","OF443","OF443","YES","Y","Ex situ","Y","OF443","OF443","OF443","S389","","SR","H","N",25.139367,-80.294017,"2015 batch","Margaret Miller","","","","","",NA,NA,NA
"131","s126","OF98","OF98","no","WGS-126","",25585938,17390816,0.68,937,"",0.003888192,0.001238644,0.009582439,0.985290725,"OF98","OF98","","YES","Y","Experiment",NA,"OF98","OF98","","NONE","","COO","Wonderland2","Y",24.55994,-81.50162,"12.15.2020","Mote","","","","","",NA,NA,NA
"132","s127","GB4","GB4","no","WGS-127","",28197318,19168475,0.68,803,"",0.003859732,0.000947336,0.003355609,0.991837324,"GB4","GB4","","YES","N","Experiment",NA,NA,NA,NA,NA,NA,NA,NA,NA,NA,NA,NA,NA,NA,NA,NA,NA,NA,NA,NA,NA
"133","s128","M22","M22","no","WGS-128","",25078494,12631037,0.504,13311,"",0.066220913,0.02410516,0.095606251,0.814067677,"M22","M22","","YES","N","Experiment",NA,NA,NA,NA,NA,NA,NA,NA,NA,NA,NA,NA,NA,NA,NA,NA,NA,NA,NA,NA,NA
"134","s129","OF682","OF682","no","WGS-129","",20703876,9417021,0.455,12644,"",0.078526214,0.036992547,0.127774991,0.756706248,"OF682","OF682","OF682","YES","Y","Ex situ","N","OF682","OF682","OF682","15-1","","SR","H","Y",25.139367,-80.294017,"2015","Margaret Miller","Yes","","","Imhof, 2020","15-7_10.2020",NA,NA,NA
"135","s130","GB20","GB20","no","WGS-130","",29462961,19907350,0.676,706,"x",0.004556359,0.001084156,0.003720732,0.990638753,"GB20","GB20","","YES","N","Experiment",NA,NA,NA,NA,NA,NA,NA,NA,NA,NA,NA,NA,NA,NA,NA,NA,NA,NA,NA,NA,NA
"136","s131","OF683","OF683","no","WGS-131","",26133925,18482210,0.707,824,"",0.006235015,0.001408412,0.005599654,0.98675692,"OF683","OF683","15-442,S442","YES","Y","Experiment",NA,"OF683","OF683","15-442,S442","15-165","OF673","SR","H","Y",25.139367,-80.294017,"2015","Margaret Miller","Yes","","","Imhof, 2020","15-303",NA,NA,NA
"137","s132","OF201","OF201","no","WGS-132","",26351300,16540511,0.628,886,"",0.003946338,0.001005369,0.003373273,0.99167502,"OF201","OF201","S384,15-201","YES","Y","Experiment",NA,"OF201","OF201","OF201","S384","OF173, OF467","SR","H","N",25.139367,-80.294017,"2015 batch","Margaret Miller","Yes","Kenkel, 2020","","Imhof, 2020","S173, S467",NA,2020,2020
"138","s133","M2","M2","no","WGS-133","",25292126,18692858,0.739,916,"",0.006655274,0.001357782,0.005939628,0.986047316,"M2","M2","","YES","N","Experiment",NA,NA,NA,NA,NA,NA,NA,NA,NA,NA,NA,NA,NA,NA,NA,NA,NA,NA,NA,NA,NA
"139","s134","OF99","OF99","no","WGS-134","",28092760,21454258,0.764,743,"",0.007544274,0.064654031,0.004824564,0.92297713,"OF99","OF99","","YES","Y","Experiment",NA,"OF99","OF99","","NONE","","COO","Jaap","Y",24.58721,-81.5783,"12.15.2020","Mote","","","","","",NA,NA,NA
"140","s135","GB10","GB10","no","WGS-135","",26877988,18653228,0.694,927,"x",0.005985767,0.001402592,0.005764494,0.986847147,"GB10","GB10","","YES","N","Experiment",NA,NA,NA,NA,NA,NA,NA,NA,NA,NA,NA,NA,NA,NA,NA,NA,NA,NA,NA,NA,NA
"141","s136","GB5","GB5","no","WGS-136","",20672220,14864571,0.719,1193,"",0.052991773,0.006612613,0.066427294,0.873968321,"GB5","GB5","","YES","N","Experiment",NA,NA,NA,NA,NA,NA,NA,NA,NA,NA,NA,NA,NA,NA,NA,NA,NA,NA,NA,NA,NA
"142","s137","OF57","OF679","no","WGS-137","",27469444,19595575,0.713,845,"x",0.006060904,0.001255664,0.005600768,0.987082664,"OF57","OF57","","YES","Y","Experiment",NA,"OF57","OF57","","","","COO","KWN","N",24.55107,-81.80805,"2010-2017","Mote","","","","","",NA,NA,NA
"143","s138","OF512","OF512","no","WGS-138","",20487376,10026062,0.489,2590,"",0.113962431,0.014677711,0.09731391,0.774045949,"OF512","OF512","","YES","Y","Experiment",NA,"OF512","OF512","OF512","S512","","SR","H","N",25.139367,-80.294017,"2015 batch","Margaret Miller","","","","","",NA,NA,NA
"144","s138","OF512","OF512","no","WGS-138","",20487376,10026062,0.489,2590,"",0.113962431,0.014677711,0.09731391,0.774045949,"OF512","OF512","OF512","YES","Y","Ex situ","Y","OF512","OF512","OF512","S512","","SR","H","N",25.139367,-80.294017,"2015 batch","Margaret Miller","","","","","",NA,NA,NA
"145","s139","M31","M31","no","WGS-139","",24811872,7059618,0.285,3965,"",0.096881641,0.01126364,0.054662547,0.837192173,"M31","M31","","YES","N","Experiment",NA,NA,NA,NA,NA,NA,NA,NA,NA,NA,NA,NA,NA,NA,NA,NA,NA,NA,NA,NA,NA
"146","s140","OF21","OF21","no","WGS-154","",28071666,21319553,0.759,572,"x",0.019698278,0.003484778,0.018981977,0.957834967,"OF21","OF21","F21","YES","Y","Experiment",NA,"OF21","OF21","F21","F21","","COO","KWN","N",24.55107,-81.80805,"2010-2017","Mote","","","","","",NA,NA,NA
"147","s141","OF132","OF132","no","WGS-154","",26699385,19958566,0.748,568,"x",0.014628426,0.002416335,0.022028557,0.960926682,"OF132","OF132","F132","YES","Y","Experiment",NA,"OF132","OF132","F132","F132","","COO","KWN","N",24.55107,-81.80805,"2010-2017","Mote","Yes","Kenkel, 2018","","Imhof, 2018","",2018,2020,2020
"148","s142","OF393","OF393_wgs_1","yes","WGS-142","",27735707,16734432,0.603,1012,"",0.019662317,0.003825124,0.026789392,0.949723167,"OF393","OF393","S393, 15-393","YES","Y","Experiment",NA,"OF393","OF393","OF393","S393","OF670_4.2020; OF689","SR","H","Y",25.139367,-80.294017,"2015 batch","Margaret Miller","Yes","","","Imhof, 2020","R; S546_4.2020; 15-660",NA,NA,NA
"149","s143","OF759","OF759","no","WGS-143","",25584813,15771784,0.616,1112,"",0.032541264,0.006747338,0.038646968,0.922064431,"OF759","OF759","15-376,S376","YES","Y","Experiment",NA,"OF759","OF759","15-376,S376","15-376","","SR","","N",NA,NA,"2015","","","","","","",NA,NA,NA
"150","s144","OF674","OF674","no","WGS-144","",25164474,19620755,0.78,810,"",0.121320719,0.020415233,0.118782253,0.739481795,"OF674wgs","OF674","","YES","N",NA,NA,NA,NA,NA,NA,NA,NA,NA,NA,NA,NA,NA,NA,NA,NA,NA,NA,NA,NA,NA,NA
"151","s145","OF693","OF693","no","WGS-145","",19491793,11592776,0.595,2708,"",0.104897701,0.031444359,0.160520198,0.703137742,"OF693","OF693","15-319,S319","YES","Y","Experiment",NA,"OF693","OF693","OF693","15-319","","SR","H","Y",25.139367,-80.294017,"2015","Margaret Miller","Yes","","","Imhof, 2020","R",NA,NA,NA
"152","s145","OF693","OF693","no","WGS-145","",19491793,11592776,0.595,2708,"",0.104897701,0.031444359,0.160520198,0.703137742,"OF693","OF693","OF693","YES","Y","Ex situ","Y","OF693","OF693","OF693","15-319","","SR","H","Y",25.139367,-80.294017,"2015","Margaret Miller","Yes","","","Imhof, 2020","R",NA,NA,NA
"153","s146","OF423","OF423","no","WGS-146","",24231096,5274781,0.218,5194,"",0.139846183,0.057707197,0.23168046,0.57076616,"OF423","OF423","15-423, S423","YES","Y","Experiment",NA,"OF423","OF423","15-423, S423","15-423","","SR","H","N",25.139367,-80.294017,"2015 batch","Margaret Miller","","","","","",NA,NA,NA
"154","s147","OF559","OF656","no","WGS-147","",24888321,7981836,0.321,12889,"",0.176302005,0.047100397,0.120278636,0.656318962,"OF559","OF559","15-89, S89","YES","Y","Experiment",NA,"OF559","OF559","15-89, S89","15-89","OF671","SR","H","N",25.139367,-80.294017,"2015 batch","Margaret Miller","Yes","","","Imhof, 2020","15-287",NA,NA,NA
"155","s148","15-10","15-10","no","WGS-148","",24301969,9718912,0.4,2853,"",0.111177486,0.018955485,0.327674897,0.542192132,"1510","15-10","OF251","YES","Y","Experiment",NA,"OF251","15-10","OF251","15-10","","SR","H","N",25.139367,-80.294017,"2015 batch","Margaret Miller","","","","","",NA,NA,NA
"156","s149","OF202","OF202","no","WGS-149","",19531786,14989483,0.767,1376,"",0.009844496,0.001594142,0.006563787,0.981997575,"OF202","OF202","S652, 15-652","YES","Y","Experiment",NA,"OF202","OF202","S652, 15-652","S652","","SR","H","N",25.139367,-80.294017,"2015 batch","Margaret Miller","","","","","",NA,NA,NA
"157","s150","OF211","OF211","no","WGS-150","",24166400,17330459,0.717,2319,"",0.129973993,0.029061142,0.196826837,0.644138027,"OF211","OF211","15-211,S211","YES","Y","Experiment",NA,"OF211","OF211","15-211,S211","15-211","","SR","H","N",25.139367,-80.294017,"2015 batch","Margaret Miller","","","","","",NA,NA,NA
"158","s151","OF58","OF682","no","WGS-151","",24804399,12805732,0.516,7699,"",0.05384978,0.017252805,0.064750437,0.864146979,"OF58","OF58","","YES","Y","Experiment",NA,"OF58","OF58","","","","COO","KWN","N",24.55107,-81.80805,"2010-2017","Mote","","","","","",NA,NA,NA
"159","s152","OF61","OF700","no","WGS-152","",26107356,18596329,0.712,836,"",0.003520121,0.000800492,0.0023199,0.993359486,"OF61","OF61","F61","YES","Y","Experiment",NA,"OF61","OF61","F61","F61","","COO","KWN","Y",24.55107,-81.80805,"2010-2017","Mote","Yes","Kenkel, 2018","","Imhof, 2018","R",2018,2018,2018
"160","s153","OF654","OF654","no","WGS-153","",26096616,16427328,0.629,1343,"",0.11196035,0.020200755,0.143632795,0.724206101,"OF654","OF654","BP2","YES","Y","Experiment",NA,"OF654","OF654","OF654","BP2","","","","N",NA,NA,"","","","","","","",NA,NA,NA
"161","s153","OF654","OF654","no","WGS-153","",26096616,16427328,0.629,1343,"",0.11196035,0.020200755,0.143632795,0.724206101,"OF654","OF654","OF654","YES","Y","Ex situ","Y","OF654","OF654","OF654","BP2","","","","N",NA,NA,"","","","","","","",NA,NA,NA
"162","s154","OF657","OF657","no","WGS-154","",25706349,19424576,0.756,730,"x",0.006609451,0.001297631,0.005254535,0.986838382,"OF657","OF657","BP5","YES","Y","Experiment",NA,"OF657","OF657","OF657","BP5","","","","N",NA,NA,"","","","","","","",NA,NA,NA
"163","s154","OF657","OF657","no","WGS-154","",25706349,19424576,0.756,730,"x",0.006609451,0.001297631,0.005254535,0.986838382,"OF657","OF657","OF657","YES","Y","Ex situ","Y","OF657","OF657","OF657","BP5","","","","N",NA,NA,"","","","","","","",NA,NA,NA
"164","s155","OF8","OF8","no","WGS-155","",26672094,15993279,0.6,1047,"",0.003707256,0.000902114,0.00298099,0.992409639,"OF8","OF8","F8","YES","Y","Experiment",NA,"OF8","OF8","F8","F8","","COO","KWN","N",24.55107,-81.80805,"2010-2017","Mote","Yes","Kenkel, 2018","","Imhof, 2018","",2018,2018,2018
"165","s156","OF733","OF733","no","WGS-156","",27499805,20871891,0.759,718,"",0.006706591,0.001665617,0.005857691,0.985770101,"OF733","OF733","15-264,S264","YES","Y","Experiment",NA,"OF733","OF733","15-264,S264","15-264","","SR","","N",NA,NA,"2015","","","","","","",NA,NA,NA
"166","s157","GB18","GB18","no","WGS-130","",46974509,28444683,0.606,629,"x",0.004616841,0.001101703,0.003776901,0.990504555,"GB18","GB18","","YES","N","Experiment",NA,NA,NA,NA,NA,NA,NA,NA,NA,NA,NA,NA,NA,NA,NA,NA,NA,NA,NA,NA,NA
"167","s158","S59","S59","no","WGS-158","",68177364,39183609,0.575,513,"",0.006453805,0.00166374,0.007836278,0.984046178,"S59","S59","OF622, 15-59","YES","Y","Experiment",NA,"OF622","S59","OF622, 15-59","S59,15-59","","SR","H","N",25.139367,-80.294017,"2015 batch","Margaret Miller","Yes","Kenkel, 2020","","Imhof, 2020","",NA,NA,NA
"168","s159","S630","S630","no","WGS-159","",44228032,29508821,0.667,503,"",0.004896774,0.001172471,0.006087535,0.98784322,"S630","S630","OF630, 15-630","YES","Y","Experiment",NA,"OF630","S630","OF630, 15-630","S630","","SR","H","N",25.139367,-80.294017,"2015 batch","Margaret Miller","Yes","","","Imhof, 2021","",NA,NA,NA
"169","s160","OF76","OF76_wgs_2","yes","WGS-57","originally 160",51002107,32359965,0.634,581,"",0.004363571,0.001081669,0.005570187,0.988984573,"OF76","OF76","F76","YES","Y","Experiment",NA,"OF76","OF76","F76","F76","","COO","KWN","N",24.55107,-81.80805,"2010-2017","Mote","","","","","",NA,NA,NA
"170","s161","M11","M11","no","WGS-154","",48017234,30716268,0.64,477,"",0.00680055,0.001569926,0.01195689,0.979672634,"M11","M11","","YES","N","Experiment",NA,NA,NA,NA,NA,NA,NA,NA,NA,NA,NA,NA,NA,NA,NA,NA,NA,NA,NA,NA,NA
"171","s162","M7","M7","no","WGS-154","",37172221,22423860,0.603,578,"x",0.006597538,0.001561551,0.024356581,0.96748433,"M7","M7","","YES","N","Experiment",NA,NA,NA,NA,NA,NA,NA,NA,NA,NA,NA,NA,NA,NA,NA,NA,NA,NA,NA,NA,NA
"172","s163","M23","M23","no","WGS-72","",40646690,22332555,0.549,743,"",0.004789371,0.001269878,0.009800942,0.984139809,"M23","M23","","YES","N","Experiment",NA,NA,NA,NA,NA,NA,NA,NA,NA,NA,NA,NA,NA,NA,NA,NA,NA,NA,NA,NA,NA
"173","s164","M24","M24","no","WGS-164","",24858200,16963107,0.682,934,"",0.108027404,0.015089206,0.14186327,0.73502012,"M24","M24","","YES","N","Experiment",NA,NA,NA,NA,NA,NA,NA,NA,NA,NA,NA,NA,NA,NA,NA,NA,NA,NA,NA,NA,NA
"174","s165","M5","M5","no","WGS-66","",43473566,24714060,0.568,650,"",0.00544799,0.001247526,0.014902524,0.97840196,"M5","M5","","YES","N","Experiment",NA,NA,NA,NA,NA,NA,NA,NA,NA,NA,NA,NA,NA,NA,NA,NA,NA,NA,NA,NA,NA
"175","s166","M12","M12_wgs_1","yes","WGS-154","",30306683,20536327,0.678,559,"x",0.010747979,0.00223002,0.013345825,0.973676176,"M12","M12","","YES","N","Experiment",NA,NA,NA,NA,NA,NA,NA,NA,NA,NA,NA,NA,NA,NA,NA,NA,NA,NA,NA,NA,NA
"176","s167","GB22","GB22","no","WGS-167","",25544339,17173069,0.672,945,"",0.005078441,0.001032583,0.004095999,0.989792977,"GB22","GB22","","YES","N","Experiment",NA,NA,NA,NA,NA,NA,NA,NA,NA,NA,NA,NA,NA,NA,NA,NA,NA,NA,NA,NA,NA
"177","s168","M34","M34","no","WGS-168","",26624121,19107101,0.718,747,"",0.005028094,0.001068636,0.003984063,0.989919207,"M34","M34","","YES","N","Experiment",NA,NA,NA,NA,NA,NA,NA,NA,NA,NA,NA,NA,NA,NA,NA,NA,NA,NA,NA,NA,NA
"178","s169","S227","S227","no","WGS-169","",25143867,17675439,0.703,862,"",0.067352707,0.014426729,0.07785973,0.840360834,"S227","S227","OF227,15-227","YES","Y","Experiment",NA,"OF227","S227","OF227,15-227","S227,15-227","","SR","H","N",25.139367,-80.294017,"2015 batch","Margaret Miller","Yes","Kenkel, 2020","","Imhof, 2020","S567",NA,NA,NA
"179","s170","S483","S483","no","WGS-170","",19766000,14158792,0.716,1576,"",0.004584534,0.001113896,0.003422334,0.990879236,"S483","S483","OF483","YES","Y","Experiment",NA,"OF483","OF483","OF483","S483","","SR","H","N",25.139367,-80.294017,"2015 batch","Margaret Miller","Yes","Kenkel, 2020","","Imhof, 2020","",NA,2020,2020
"180","s171","OF755","OF755","no","WGS-171","",24959901,17971133,0.72,749,"",0.134391121,0.023580585,0.15731282,0.684715474,"OF755","OF755","15-292,S292","YES","Y","Experiment",NA,"OF755","OF755","15-292,S292","15-292","","SR","","N",NA,NA,"2015","","","","","","",NA,NA,NA
"181","s172","M33","M33_wgs_1","yes","WGS-154","",27720841,19812171,0.715,641,"x",0.00735901,0.001658669,0.008776811,0.98220551,"M33","M33","","YES","N","Experiment",NA,NA,NA,NA,NA,NA,NA,NA,NA,NA,NA,NA,NA,NA,NA,NA,NA,NA,NA,NA,NA
"182","s173","M10","M10","no","WGS-173","",27026091,9984275,0.369,13880,"",0.088924609,0.022450758,0.066457093,0.82216754,"M10","M10","","YES","N","Experiment",NA,NA,NA,NA,NA,NA,NA,NA,NA,NA,NA,NA,NA,NA,NA,NA,NA,NA,NA,NA,NA
"183","s174","M19","M19","no","WGS-174","",25776799,18589807,0.721,921,"",0.004435064,0.000928423,0.002822513,0.991814,"M19","M19","","YES","N","Experiment",NA,NA,NA,NA,NA,NA,NA,NA,NA,NA,NA,NA,NA,NA,NA,NA,NA,NA,NA,NA,NA
"184","s175","M30","M30","no","WGS-175","",29501898,20318175,0.689,730,"",0.00701856,0.001370887,0.007077319,0.984533235,"M30","M30","","YES","N","Experiment",NA,NA,NA,NA,NA,NA,NA,NA,NA,NA,NA,NA,NA,NA,NA,NA,NA,NA,NA,NA,NA
"185","s176","GB14","GB14_wgs_2","yes","WGS-91","originally 176",25704248,7324368,0.285,3900,"",0.102412534,0.015997453,0.071306709,0.810283304,"GB14","GB14","","YES","N","Experiment",NA,NA,NA,NA,NA,NA,NA,NA,NA,NA,NA,NA,NA,NA,NA,NA,NA,NA,NA,NA,NA
"186","s177","GB1","GB1_wgs_2","yes","WGS-154","",26660874,20733729,0.778,576,"x",0.089267954,0.013206464,0.096406854,0.801118728,"GB1","GB1","","YES","N","Experiment",NA,NA,NA,NA,NA,NA,NA,NA,NA,NA,NA,NA,NA,NA,NA,NA,NA,NA,NA,NA,NA
"187","s178","M12","M12_wgs_2","yes","WGS-154","",27689412,19591634,0.708,652,"x",0.007389523,0.001509914,0.010577514,0.98052305,"M12","M12","","YES","N","Experiment",NA,NA,NA,NA,NA,NA,NA,NA,NA,NA,NA,NA,NA,NA,NA,NA,NA,NA,NA,NA,NA
"188","s179","OF393","OF393_wgs_2","yes","WGS-142","originally 179",25686301,14642655,0.57,1299,"x",0.019930514,0.004241433,0.027661272,0.948166781,"OF393","OF393","S393, 15-393","YES","Y","Experiment",NA,"OF393","OF393","OF393","S393","OF670_4.2020; OF689","SR","H","Y",25.139367,-80.294017,"2015 batch","Margaret Miller","Yes","","","Imhof, 2020","R; S546_4.2020; 15-660",NA,NA,NA
"189","s180","M33","M33_wgs_2","yes","WGS-154","",26435927,18949912,0.717,758,"x",0.006947028,0.001557372,0.008589402,0.982906199,"M33","M33","","YES","N","Experiment",NA,NA,NA,NA,NA,NA,NA,NA,NA,NA,NA,NA,NA,NA,NA,NA,NA,NA,NA,NA,NA
"190",NA,NA,NA,NA,NA,NA,NA,NA,NA,NA,NA,NA,NA,NA,NA,"OF32mystery","OF32mystery","32","YES","N","Ex situ","N",NA,NA,NA,NA,NA,NA,NA,NA,NA,NA,NA,NA,NA,NA,NA,NA,NA,NA,NA,NA
"191",NA,NA,NA,NA,NA,NA,NA,NA,NA,NA,NA,NA,NA,NA,NA,"XOF689","X-OF-689","OF689","YES","Y","In situ","N","OF689","X-OF-689","OF689","S660","OF393_4.2020","SR","H","Y",25.139367,-80.294017,"2015","Margaret Miller","","","","Imhof, 2020","S3939_4.2020",NA,NA,NA
